DROP DATABASE IF EXISTS video2019;
CREATE DATABASE video2019;
USE video2019;

CREATE TABLE `kunde` (
  `Kundennummer` int(11) NOT NULL AUTO_INCREMENT,
  `Anrede` varchar(4) DEFAULT NULL,
  `Vorname` varchar(20) DEFAULT NULL,
  `Nachname` varchar(20) DEFAULT NULL,
  `Strasse` varchar(25) DEFAULT NULL,
  `PLZ` int(11) DEFAULT NULL,
  `Ort` varchar(20) DEFAULT NULL,
  `Telefon` varchar(13) DEFAULT NULL,
  `Geburtsdatum` date DEFAULT NULL,
  PRIMARY KEY (`Kundennummer`)
);

INSERT INTO `kunde` VALUES (1,'Herr','Peter','Meier','Röslistrasse 26',8307,'Effretikon','052 23 14 53','1971-10-12'),(2,'Frau','Brigitte','Dietiker','Flohstrasse 23',8050,'Zürich','044 444 12 12','1970-05-02'),(3,'Frau','Monika','Meier','Stauffacher 6',8001,'Zürich','044 123 45 67','1960-01-31'),(4,'Herr','Paul','Fässler','Austrasse 120',8600,'Dübendorf','044 821 43 59','1965-01-28'),(5,'Herr','Peter','Müller','Hirschenstrasse 3',8303,'Bassersdorf','044 837 11 92','1967-02-05'),(6,'Frau','Susi','Giger','Engweg 14',8305,'Dietlikon','044 834 22 82','1967-02-09'),(7,'Frau','Lea','Zumstein','Blütenstrasse 18',8041,'Zürich','044 245 44 32','1959-01-28'),(8,'Herr','Hans','Zumstein','Blütenstrasse 18',8041,'Zürich','044 245 44 32','1963-06-26'),(9,'Herr','Leo','Hauser','Metzgergasse 7',8008,'Zürich','044 320 20 30','1958-11-24'),(10,'Frau','Eva','Kiener','Münzplatz 31',8032,'Zürich','044 324 31 59','1970-04-13'),(11,'Frau','Anna','Burri','Kruggasse 1',8055,'Zürich','044 322 21 49','1972-03-09'),(12,'Herr','Fritz','Meyer','Rebenstrasse 26',8046,'Zürich','044 325 78 71','1961-10-21'),(13,'Herr','Ueli','Meier','Treichlerstrasse 20',8037,'Zürich','044 234 85 67','1965-08-07'),(14,'Herr','Martin','Müller','Ziegerstrasse 17',8117,'Fällanden','043 826 33 48','1958-04-21'),(15,'Herr','Werner','Keller','Marmorgasse 41',8105,'Regensdorf','044 841 18 29','1966-09-16'),(16,'Frau','Sibylle','Einstein','Hammerstrasse 26',8001,'Zürich','044 326 72 16','1971-06-23'),(17,'Frau','Sonia','Zweistein','Engelstrasse 7',8302,'Kloten','044 814 77 63','1975-12-25'),(18,'Herr','Ernst','Zimmermann','Alderstrasse 32',8050,'Zürich','044 323 77 28','1972-03-10'),(19,'Herr','Roger','Felber','Hauerweg 3',8050,'Zürich','044 322 42 93','1972-10-21'),(20,'Frau','Martha','Felber','Hauerweg 3',8050,'Zuerich','044 322 42 93','1968-07-08'),(21,'Herr','Karl','Meili','Luchsweg 9',8051,'Zürich','044 325 13 26','1968-05-01'),(22,'Herr','Anton','Meili','Nussweg 3',8304,'Wallisellen','044 831 11 89','1961-01-05'),(23,'Frau','Sandra','Meier','Kronenstrasse 45',8604,'Volketswil','044 946 32 74','1972-07-07'),(24,'Herr','Ueli','Bauer','Laternenstrasse 5',8117,'Fällanden','043 826 27 53','1969-07-21'),(25,'Frau','Karin','Weber','Erikastrasse 16',8302,'Kloten','044 814 82 93','1972-10-25'),(26,'Herr','Patrik','Schwarz','Heimatstrasse 19',8302,'Kloten','044 814 81 36','1962-08-17'),(27,'Herr','Simon','Benz','Münsterstrasse 2',8708,'Männedorf','044 921 31 36','1975-11-11'),(28,'Frau','Monika','Hafner','Scheibenrain 25',8303,'Bassersdorf','044 837 27 63','1967-05-04'),(29,'Frau','Yvonne','Hasler','Weingasse 6',8304,'Wallisellen','044 831 44 58','1970-02-15'),(30,'Herr','Michel','Brunner','Irisstrasse 78',8152,'Glattbrugg','044 811 61 82','1965-05-12'),(31,'Herr','Ueli','Schneider','Malergasse 36',8105,'Regensdorf','044 841 27 60','1959-01-12'),(32,'Frau','Ursula','Weber','Burriweg 27',8610,'Uster','044 942 33 24','1953-08-21'),(33,'Herr','Ruedi','Stocker','Arminstrasse 24',8304,'Wallisellen','044 831 14 52','1959-08-28'),(34,'Frau','Anna','Bolliger','Holzwiese 6',8302,'Kloten','044 814 81 22','1957-02-07'),(35,'Frau','Karin','Weiss','Ringstrasse 153',8153,'Rümlang','044 818 28 61','1965-09-19'),(36,'Herr','Karl','Wunder','Sihlstrasse 231',8302,'Kloten','044 814 82 55','1972-02-03'),(37,'Herr','Peter','Kehlmann','Albulastrasse 37',8307,'Effretikon','052 33 45 60','1969-04-14'),(38,'Herr','Roger','Weidmann','Herbstweg 15',8610,'Uster','044 942 27 68','1971-07-13'),(39,'Herr','Roger','Meili','Leuengasse 61',8302,'Kloten','044 814 17 07','1961-01-27'),(40,'Frau','Ursula','Ramseyer','Kirchenfeld 72',8052,'Zürich','044 333 22 12','1967-05-19'),(41,'Herr','Roland','Kohler','Rämistrasse 6',8001,'Zuerich','044 207 41 13','1959-10-03'),(42,'Frau','Irene','Niederer','Haslerstrasse 201',8157,'Dielsdorf','044 224 60 72','1965-01-28'),(43,'Frau','Eva','Helbig','Im Bächli 53',8303,'Bassersdorf','044 836 99 99','1956-11-02'),(44,'Herr','Felix','Fischer','Culmannstrasse 39',8006,'Zürich','044 227 17 17','1964-05-12'),(45,'Frau','Barbara','Draeger','Bernerstrasse 6',8153,'Rümlang','044 818 11 12','1967-06-13'),(46,'Herr','Paul','Krüger','Blumenstrasse 31',8302,'Kloten','044 814 33 21','1978-08-14'),(47,'Herr','Dieter','Riecken','Flugplatzweg 1',8302,'Kloten','044 814 28 91','1974-11-07'),(48,'Frau','Lisa','Elstner','Hofstrasse 31',8610,'Uster','044 942 81 83','1971-10-23'),(49,'Frau','Katharina','Keller','Baustrasse 24',8302,'Kloten','044 814 28 87','1973-06-29'),(50,'Frau','Theresa','Brandenberger','Ringstrasse 2',8117,'Fällanden','043 826 27 55','1969-08-19'),(51,'Herr','Anton','Mayer','Bahnhofstrasse 152',8307,'Effretikon','052 33 45 66','1973-02-09'),(52,'Frau','Julia','Böni','Kirchenstrasse 4',8302,'Kloten','044 814 82 11','1975-09-21'),(53,'Herr','Walter','Messmer','Kieferweg 8',8610,'Uster','044 942 11 22','1971-10-29'),(54,'Frau','Jacqueline','Schneider','Haldenstrasse 7',8302,'Kloten','044 814 11 82','1963-01-09'),(55,'Frau','Ida','Ferreira','Edenstrasse 66',8052,'Zürich','044 333 12 13','1976-10-10'),(56,'Frau','Birgit','Eichmann','Neugasse 2',8303,'Bassersdorf','044 836 91 92','1968-05-12'),(57,'Herr','Franz','Schubert','Jungholzstrasse 19',8610,'Uster','044 942 82 81','1967-10-22'),(58,'Herr','Werner','Randegger','Auzelg 49',8302,'Kloten','044 814 33 81','1967-10-19'),(59,'Herr','Jürg','Ramseier','Künzlistrasse 24',8307,'Effretikon','052 33 43 11','1973-09-22'),(60,'Frau','Anita','Müller','Neeserweg 24',8153,'Rümlang','044 818 11 13','1953-11-11'),(61,'Herr','Fredy','Rolli','Lerchenberg 20',8303,'Bassersdorf','044 836 81 92','1971-02-02'),(62,'Frau','Maria','Romagnoli','Wasserschöpfli 31',8303,'Bassersdorf','044 836 21 23','1964-08-14'),(63,'Frau','Ursula','Gschwend','Löwenstrasse 3',8307,'Effretikon','052 34 41 12','1969-12-09'),(64,'Herr','Matthias','Pfiel','Stationstrasse 62',8610,'Uster','044 942 82 31','1972-07-01'),(65,'Herr','René','Ketterer','Rückgasse 10',8157,'Dielsdorf','044 224 61 74','1968-04-18'),(66,'Herr','Gerhard','Engler','Birmensdorferstrasse 34',8153,'Rümlang','044 818 51 12','1971-05-23'),(67,'Frau','Rita','Villiger','Zentralstrasse 22',8302,'Kloten','044 814 32 51','1973-11-30'),(68,'Frau','Elena','Müller','Langmauerstrasse 1',8610,'Uster','044 942 84 11','1963-03-31'),(69,'Herr','Gottlieb','Speck','Metzgerstrasse 3',8052,'Zuerich','044 333 42 24','1969-09-12'),(70,'Frau','Verena','Jauch','Rotbuchstrasse 32',8157,'Dielsdorf','044 224 16 47','1977-10-23'),(71,'Frau','Eva','Alig','Birchstrasse 24',8153,'Rümlang','044 818 11 15','1972-12-02'),(72,'Frau','Alice','Frischknecht','Wartstrasse 2',8307,'Effretikon','052 33 41 32','1974-11-03'),(73,'Herr','Bruno','Bachmann','Müllerstrasse 13',8153,'Rümlang','044 818 33 25','1972-04-24'),(74,'Frau','Erika','Rufer','Stationsstrasse 33',8610,'Uster','044 942 12 46','1968-10-21'),(75,'Frau','Margrit','Fraefel','Berstrasse 21',8303,'Bassersdorf','044 836 11 66','1978-05-19'),(76,'Herr','Heinz','Fischer','Löwenstrasse 3',8303,'Bassersdorf','044 836 44 13','1974-02-15'),(77,'Frau','Sabina','Steiner','Gutstrasse 2',8304,'Wallisellen',NULL,'1973-06-12'),(78,'Frau','Mireille','Bidermann','Staubstrasse 12',8152,'Glattbrugg','044 811 11 12','1977-11-11'),(79,'Herr','Willi','Gasser','Kirchgasse 21',8305,'Dietlikon','044 834 23 12','1969-09-21'),(80,'Herr','Eduardo','Rodrigues','Nordstrasse 23',8305,'Dietlikon','044 834 22 55','1974-12-12'),(81,'Frau','Erika','Rathgeb','Hildastrasse 24',8305,'Dietlikon','044 834 26 88','1981-05-10'),(82,'Herr','Max','Marti','Grundstrasse 111',8304,'Wallisellen','044 831 11 84','1975-04-13'),(83,'Frau','Barbara','Martignoni','Lerchenberg 43',8303,'Bassersdorf','044 836 14 18','1973-05-04'),(84,'Herr','Frank','Freyer','Blauacker 22',8307,'Effretikon','052 33 42 12','1973-10-23'),(85,'Herr','Pietro','Marchesi','Bichstrasse 3',8307,'Effretikon','052 13 11 12','1977-01-01'),(86,'Frau','Sandra','Hunziker','Müllerstrasse 231',8305,'Dietlikon','044 834 22 81','1969-04-21'),(87,'Herr','Paul','Rausch','Ottikerstrasse 24',8303,'Bassersdorf','044 836 13 21','1970-11-22'),(88,'Frau','Katja','Dätwyler','Neuhausstrasse 2',8303,'Bassersdorf','044 836 12 28','1972-09-12'),(89,'Herr','Emil','Meier','Nussbaumstrasse 4',8153,'Rümlang','044 818 31 15','1973-07-07'),(90,'Frau','Lina','Benz','Honigstrasse 17',8305,'Dietlikon','044 834 22 11','1975-10-03'),(91,'Frau','Romana','Randazzo','Dörflistrasse 21',8309,'Nürensdorf','044 311 86 86','1973-01-04'),(92,'Herr','Orlando','Gamez','Rötelstrasse 25',8152,'Opfikon','044 221 21 59','1965-12-12'),(93,'Herr','Marcel','Kern','Nordstrasse 1',8152,'Opfikon','044 221 21 53','1970-03-01'),(94,'Herr','Ernst','Isler','Irchelstrasse 28',8152,'Opfikon','044 221 11 51','1972-10-03'),(95,'Frau','Yvonne','Bönni','Langweid 4',8309,'Nürensdorf','044 311 81 16','1975-10-30'),(96,'Herr','Werner','Locher','Haldenstrasse 42',8602,'Wangen','044 334 16 24','1976-09-29'),(97,'Frau','Julia','Hediger','Titlisstrasse 7',8153,'Rümlang','044 818 33 14','1976-08-19'),(98,'Frau','Simone','Debrunner','Mühlegasse 25',8309,'Nürensdorf','044 311 81 18','1971-09-23'),(99,'Frau','Marie','Lauper','Opfikonstrasse 68',8153,'Rümlang','044 818 63 13','1969-01-31'),(100,'Frau','Margrit','Hunziker','Bachmattstrasse 20',8307,'Tagelswangen','052 822 31 14','1976-05-28'),(101,'Herr','Bruno','Merlino','Frauentalweg 2',8602,'Wangen','044 334 16 24','1960-10-22'),(102,'Herr','Herbert','Speck','Tramstrasse 5',8303,'Bassersdorf','044 836 16 23','1978-10-10'),(103,'Herr','Hans','Kündig','Segnestrasse 29',8303,'Bassersdorf','044 836 62 22','1977-08-11'),(104,'Frau','Regina','Rossetti','Aurorastrasse 32',8305,'Dietlikon','044 834 24 11','1972-04-23'),(105,'Frau','Erika','Müller','Südstrasse 43',8309,'Nürensdorf','044 311 84 14','1977-06-11'),(106,'Herr','Martin','Moser','Quellenstrasse 29',8309,'Nürensdorf','044 311 41 15','1975-10-02'),(107,'Frau','Eva','Hug','Weinbergstrasse 231',8307,'Tagelswangen','052 822 31 55','1978-04-30'),(108,'Herr','Ernst','Mahler','Ottenweg 2',8152,'Glattbrugg','044 811 15 33','1979-03-26'),(109,'Frau','Ruth','Isler','Zentralstrasse 45',8305,'Dietlikon','044 834 24 31','1970-10-20'),(110,'Herr','Bruno','Hübscher','Thujastrasse 31',8305,'Dietlikon','044 834 56 57','1971-11-05'),(111,'Herr','Hans-Peter','Brunner','Hofackerstrasse 28',8152,'Opfikon','044 221 34 54','1975-07-11'),(112,'Frau','Marta','Meili','Schulstrasse 51',8153,'Rümlang','044 818 61 44','1971-04-12'),(113,'Herr','Marco','Culatti','Kornhausstrasse 18',8302,'Kloten','044 814 11 54','1963-09-10'),(114,'Herr','Martin','Heller','Weinbergstrasse 3',8302,'Kloten','044 814 45 62','1972-09-11'),(115,'Herr','Gerhard','Rohner','Buchholzstrasse 7',8305,'Dietlikon','044 834 35 42','1955-09-02'),(116,'Frau','Ruth','Stoffer','Bändlistrasse 76',8152,'Opfikon','044 221 22 62','1950-03-11'),(117,'Frau','Eva','Messerli','Lerchenberg 2',8303,'Kloten','044 814 56 73','1977-10-21'),(118,'Herr','Stephan','Meier','Dienerstrasse 41',8307,'Effretikon','052 33 44 23','1954-02-02'),(119,'Frau','Anita','Merz','Ankerstrasse 42',8153,'Rümlang','044 818 62 56','1967-11-23'),(120,'Herr','René','Mettler','Bahnhofstrasse 8',8303,'Bassersdorf','044 836 15 21','1973-12-13'),(121,'Herr','Peter','Fehr','Brahmstrasse 51',8152,'Glattbrugg','044 811 26 45','1977-02-08'),(122,'Frau','Lea','Giger','Nelkenstrasse 5',8304,'Wallisellen','044 831 23 95','1970-12-01'),(123,'Frau','Irene','Trutmann','Eibenstrasse 71',8303,'Bassersdorf','044 836 26 32','1968-09-03'),(124,'Herr','Jürg','Meier','Ottenweg 3',8152,'Opfikon',NULL,'1950-03-13'),(125,'Frau','Corinne','Peyer','Baumackerstrasse 91',8309,'Nürensdorf','044 311 52 26','1977-09-02'),(126,'Frau','Alice','Gutmann','Magnusstrasse 32',8303,'Bassersdorf','044 836 26 32','1967-09-08'),(127,'Frau','Verena','Fischer','Aemtlerstrasse 6',8303,'Bassersdorf','044 836 37 45','1971-11-01'),(128,'Herr','Edgar','Heiz','Biberlinstrasse 17',8305,'Dietlikon','044 834 46 53','1969-09-03'),(129,'Herr','Pius','Merkli','Susenbergstrasse 52',8152,'Opfikon','044 221 23 73','1976-07-10'),(130,'Herr','Hans','Galliker','Herzogenmühlestrasse 272',8305,'Dietlikon','044 834 46 31','1976-09-03'),(131,'Frau','Carla','Schmidt','Albulastrasse 29',8304,'Wallisellen','044 831 11 82','1965-02-13'),(132,'Herr','Patrick','Bütikofer','Birchstrasse 49',8152,'Opfikon','044 221 24 81','1970-05-10'),(133,'Herr','Otto','Meier','Bächlerstrasse 3',8152,'Opfikon','044 221 14 72','1978-09-11'),(134,'Frau','Gabriella','Werner','Dorfstrasse 32',8304,'Wallisellen','044 831 33 81','1974-10-13'),(135,'Herr','Pietro','Foti','Gubelstrasse 22',8303,'Bassersdorf','044 836 33 49','1979-09-12'),(136,'Herr','Roland','Widmer','Hegartstrasse 34',8153,'Rümlang',NULL,'1975-03-03'),(137,'Frau','Silvia','Koch','Dangelstrasse 3',8305,'Dietlikon','044 834 42 77','1974-10-03'),(138,'Frau','Martha','Lehman','Dolderstrasse 32',8305,'Dietlikon','044 834 41 74','1968-04-12'),(139,'Frau','Silvana','Koch','Bertastrasse 12',8152,'Opfikon','044 221 22 73','1958-08-07'),(140,'Frau','Eva','Morales','Kernstrasse 43',8152,'Glattbrugg','044 811 29 44','1972-05-23'),(141,'Herr','Hansruedi','Morf','Florastrasse 2',8152,'Glattbrugg','044 811 56 43','1977-04-12'),(142,'Herr','Ueli','Streuli','Stapferstrasse 53',8304,'Wallisellen','044 831 12 41','1972-07-29'),(143,'Herr','René','Merz','Engweg 21',8303,'Bassersdorf','044 836 31 50','1973-05-10'),(144,'Frau','Maria','Gonzales','Grünhalderstrasse 34',8303,'Bassersdorf','044 836 13 45','1978-11-02'),(145,'Herr','Tobias','Looser','Anwandstrasse 71',8303,'Kloten','044 814 16 71','1963-10-03'),(146,'Herr','Fritz','Giger','Hügelstrasse 6',8303,'Kloten','044 814 11 13','1960-02-10'),(147,'Herr','Antonio','Sutter','Herbstweg',8303,'Kloten','044 814 51 23','1975-05-12'),(148,'Frau','Lisa','Seiler','Zeunerstrasse 26',8152,'Opfikon','044 221 26 71','1954-07-13'),(149,'Frau','Petra','Heusser','Dufourstrasse 27',8304,'Wallisellen','044 831 35 11','1974-07-12'),(150,'Herr','Paul','Diener','Zwischenbächen 3',8304,'Wallisellen',NULL,'1976-04-30'),(151,'Frau','Claudia','Nägeli','Zentralstrasse 32',8305,'Dietlikon','044 834 55 71','1971-05-24');

CREATE TABLE `film` (
  `Videonummer` int(11) NOT NULL DEFAULT '0',
  `Titel` varchar(60) DEFAULT NULL,
  `Dauer` int(11) DEFAULT NULL,
  `Kategorie` char(3) DEFAULT NULL,
  `Jahr` year(4) DEFAULT NULL,
  `Frei_ab` int(11) DEFAULT NULL,
  `PreisProTag` decimal(4,2) DEFAULT NULL,
  `EPreis` decimal(4,2) DEFAULT NULL,
  `Lagerbestand` int(11) DEFAULT NULL,
  PRIMARY KEY (`Videonummer`)
);

INSERT INTO `film` VALUES (1,'Die Brücke von Arnheim',155,'ABE',1977,16,5.10,46.50,3),(2,'Das Raubtier rechnet ab',105,'KRI',1958,16,4.60,31.50,2),(3,'Geisha-Boy',90,'MEL',1958,12,4.00,27.00,2),(4,'Bis aufs Blut',80,'WES',1961,14,3.60,24.00,3),(5,'Das Ultimatum',115,'THR',1977,16,5.00,34.50,3),(6,'Das teuflische Spiel',100,'PSY',1965,18,4.40,30.00,3),(7,'Die Reise ins Ich',135,'SF',1987,16,4.30,40.50,4),(8,'Anti-Terror-Force',95,'THR',1984,18,4.20,28.50,2),(9,'Worte kommen meist zu spät',100,'MEL',1982,16,4.40,30.00,3),(10,'Die Kreuzschreiber',90,'KOM',1945,14,4.00,27.00,4),(11,'Liebesglück in Saint-Tropez',90,'KOM',1981,12,4.00,27.00,3),(12,'Bronk: Auf eigene Faust',70,'ACT',1975,16,3.20,23.10,3),(13,'Tootsie',130,'KOM',1982,14,4.10,39.00,3),(14,'Mord mit System',100,'KRI',1990,16,4.40,30.00,1),(15,'Nacht der Erfüllung',105,'MEL',1962,14,4.60,31.50,3),(16,'Kein Platz für feine Damen',100,'KOM',1957,14,4.40,30.00,3),(17,'Unternehmen Delta III',90,'SF',1979,16,4.00,27.00,4),(18,'Bye bye Baby',95,'KOM',1987,14,4.20,28.50,3),(19,'Lili',75,'MUS',1953,12,3.40,22.50,2),(20,'Die Wunderbare Nacht',105,'MEL',1954,16,4.60,31.50,3),(21,'Der süsse Traum vom Glück',115,'MEL',1985,16,5.00,34.50,3),(22,'Ihre Chance war gleich null',135,'ABE',1969,16,4.30,40.50,3),(23,'Die Superschnüffler',120,'KRI',1974,16,3.70,36.00,1),(24,'Invasion vom Mars',95,'SF',1986,16,4.20,28.50,2),(25,'New Yorker Geschichten',120,'KOM',1989,16,3.70,36.00,3),(26,'Mörderischer Vorsprung',105,'THR',1988,18,4.60,31.50,3),(27,'Willi wird das Kind schon schaukeln',95,'KOM',1971,10,4.20,28.50,3),(28,'Fieber im Blut',120,'MEL',1961,14,3.70,36.00,2),(29,'Die grosse Kür',100,'REV',1964,14,4.40,30.00,4),(30,'Der Sündenfall',120,'DRA',1990,16,3.70,36.00,3),(31,'Die Katze und der Kanarienvogel',90,'THR',1978,16,4.00,27.00,4),(32,'Winternacht',85,'KOM',1987,16,3.80,25.50,3),(33,'Hardbodies',90,'KOM',1984,16,4.00,27.00,2),(34,'Trouble in Mind',105,'MEL',1985,16,4.60,31.50,4),(35,'Die schönen Morde des Eric Binford',100,'PSY',1980,18,4.40,30.00,2),(36,'Die letzte Brücke',100,'MEL',1953,16,4.40,30.00,3),(37,'Mailand Kaliber 9',85,'KRI',1972,16,3.80,25.50,3),(38,'Der schwarze Falke',115,'WES',1956,14,5.00,34.50,1),(39,'Pforte zur Hölle',85,'KRI',1971,16,3.80,25.50,3),(40,'Murphys Gesetz',105,'KRI',1986,16,4.60,31.50,3),(41,'Nachts, wenn Dracula erwacht',85,'HOR',1969,18,3.80,25.50,3),(42,'Die Unbesiegten',130,'WES',1969,14,4.10,39.00,1),(43,'Krieger der Apokalypse',100,'SF',1975,18,4.40,30.00,3),(44,'Stunden des Terrors',75,'WES',1956,16,3.40,22.50,3),(45,'Katastrophenflug 232',95,'KAT',1991,16,4.20,28.50,3),(46,'Chicago Joe und das Showgirl',100,'THR',1989,16,4.40,30.00,3),(47,'Versprechen in der Dämmerung',95,'MEL',1970,16,4.20,28.50,3),(48,'Sirene in Blond',90,'KOM',1957,14,4.00,27.00,2),(49,'Der verfürhte Mann',95,'KOM',1982,16,4.20,28.50,4),(50,'Schüsse aus dem Geigenkasten',85,'KRI',1965,16,3.80,25.50,3),(51,'Im Dschungel der Unterwelt',105,'KRI',1990,16,4.60,31.50,3),(52,'Durchs wilde Kurdistan',105,'ABE',1965,16,4.60,31.50,3),(53,'Mörderspinnen',90,'HOR',1977,18,4.00,27.00,3),(54,'Der Weisse Hai',120,'ACT',1974,16,3.70,39.60,1),(55,'Zu Heiss gebadet',90,'KOM',1961,12,4.00,27.00,4),(56,'Der Boss',95,'KRI',1985,16,4.20,28.50,2),(57,'Der Tag, an dem Fische kamen',105,'ABE',1967,16,4.60,31.50,3),(58,'Don\'s Party',85,'SAT',1976,14,3.80,25.50,4),(59,'Ambulance',105,'THR',1990,16,4.60,31.50,3),(60,'Zwei sind nicht zu bremsen',130,'ACT',1978,16,4.10,42.90,3),(61,'Die Killer-Brigade',125,'THR',1989,18,3.90,37.50,2),(62,'Der Blaufuchs',95,'MEL',1938,16,4.20,19.00,3),(63,'Tödlicher Markt',100,'SF',1974,16,4.40,30.00,3),(64,'Rocco und seine Brüder',170,'DRA',1960,16,5.70,34.00,3),(65,'Alles über Eva',130,'SAT',1950,16,4.10,26.00,4),(66,'Da steht der ganze Freeway kopf',90,'KOM',1982,16,4.00,27.00,3),(67,'Menschen am Fluss',120,'MEL',1984,16,3.70,36.00,1),(68,'Wall Street',135,'THR',1987,16,4.30,40.50,3),(69,'Die Prophezeiung',120,'FAN',1979,16,3.70,36.00,3),(70,'Stille Betrüger',80,'KOM',1989,14,3.60,24.00,3),(71,'Ein Dieb mit Klasse',65,'KRI',1932,16,3.00,13.00,2),(72,'Ein Single kommt selten allein',90,'KOM',1983,14,4.00,27.00,3),(73,'Todesstille',95,'THR',1989,16,4.20,28.50,3),(74,'Sechs Jazzer im Dreivierteltakt',90,'MUS',1986,12,4.00,27.00,3),(75,'Der Doppelgänger',85,'KRI',1985,16,3.80,25.50,2),(76,'Eine Leiche als Beweis',90,'THR',1987,18,4.00,27.00,3),(77,'Der Oscar',115,'KOM',1965,14,5.00,34.50,1),(78,'Die Seifendiebe',80,'KOM',1988,14,3.60,24.00,3),(79,'Liebe, Lüge, Mord',225,'KRI',1990,16,7.90,67.50,2),(80,'Reise nach Norden',90,'LIE',1986,16,4.00,27.00,3),(81,'Die letzten Tage von Kenia',105,'KRI',1987,16,4.60,31.50,3),(82,'Rain Man',130,'DRA',1998,12,4.00,27.00,4),(83,'Der Joker',95,'KRI',1987,16,4.20,28.50,3),(84,'Die Löwin und ihr Jäger',95,'PSY',1973,16,4.20,28.50,4),(85,'Mit stahlharter Faust',85,'WES',1955,16,3.80,25.50,2),(86,'Is\' was, Doc?',90,'KOM',1972,16,4.00,27.00,3),(87,'In der Mittagsglut',80,'PSY',1985,18,3.60,24.00,4),(88,'Hairspray',90,'KOM',1987,16,4.00,27.00,3),(89,'Akte X, Deep Water',85,'SF',2001,12,3.60,24.00,2),(90,'Spur der Gewalt',90,'KRI',1973,18,4.00,27.00,4),(91,'Nobody Is Perfect',95,'KOM',1977,16,4.20,28.50,3),(92,'Alligator II',110,'HOR',1990,18,4.80,33.00,2),(93,'Fight Club',130,'ACT',1999,18,5.70,51.00,1),(94,'James Bond - In tödlicher Mission',125,'ACT',1981,16,3.90,41.25,3),(95,'Boris und Natasha',85,'ACT',1990,16,3.80,28.05,4),(96,'Die Jagd nach dem Leben',100,'DRA',1982,16,4.40,30.00,2),(97,'Police Academy III',105,'KOM',1986,12,4.60,31.50,3),(98,'Gorillas im Nebel',150,'MEL',1988,16,4.90,45.00,1),(99,'Der Kater lässt das Mausen nicht',105,'KOM',1977,16,4.60,31.50,3),(100,'Der Glöckner von Notre Dame',110,'DRA',1939,16,4.80,22.00,2),(101,'Weisse Wale',70,'DRA',1987,16,3.20,21.00,3),(102,'Das Gesicht',95,'DRA',1958,16,4.20,19.00,4),(103,'Alien 3',110,'SF',1992,16,3.60,24.00,3),(104,'Die Kunst, verliebt zu sein',95,'KOM',1984,16,4.20,28.50,2),(105,'Wie Raubkatzen',95,'THR',1963,16,4.20,19.00,3),(106,'Malaya',90,'ABE',1949,16,4.00,27.00,3),(107,'Hoffnung und Schmerz',115,'MEL',1988,14,5.00,34.50,3),(109,'Paper Moon',110,'KOM',1972,16,4.80,22.00,2),(110,'Die Helden sind müde',95,'ABE',1955,16,4.20,19.00,4),(111,'Der liebeskranke Psychiater',110,'KOM',1983,16,4.80,33.00,3),(112,'Im Sattel ritt der Tod',95,'WES',1963,16,4.20,28.50,3),(113,'Die Bären sind los',100,'KOM',1976,14,4.50,30.00,3),(114,'Penelope',110,'KOM',1966,16,4.80,33.00,2),(115,'Sarah und Major Forsyth',100,'KRI',1988,16,4.40,30.00,3),(116,'Catchfire',110,'THR',1991,18,4.80,33.00,4),(117,'Der Söldner',90,'ACT',1981,16,6.10,29.70,1),(118,'Willkommen in Los Angeles',130,'DRA',1976,16,5.10,39.00,3),(119,'Meuterei im Bus',105,'KOM',1972,14,4.60,31.50,2),(120,'18 Stunden bis zur Ewigkeit',125,'THR',1974,16,5.30,37.50,4),(121,'Das Attentat',95,'KRI',1984,18,4.20,28.50,2),(122,'Der eiskalte Engel',90,'ACT',1967,16,4.00,29.70,1),(123,'Kugeln sind sein Autogramm',85,'KRI',1967,16,3.80,25.50,3),(124,'Liebe ohne Worte',100,'MEL',1985,14,4.40,30.00,3),(125,'Die tödliche Strasse der Träume',90,'KRI',1988,16,4.00,27.00,3),(126,'Nacktblende',70,'KOM',1985,14,3.20,21.00,4),(127,'Was ist mit Bob?',100,'KOM',1991,14,4.40,30.00,3),(128,'Die Verführung',105,'KRI',1985,16,4.60,31.50,2),(129,'Augenblicke mit dem Mörder',100,'THR',1988,18,4.40,30.00,3),(130,'Police Academy V',110,'KOM',1987,14,4.80,33.00,3),(131,'Dead Bang - Kurzer Prozess',115,'KRI',1989,16,5.00,34.50,4),(132,'THX 1138',95,'SF',1969,14,4.20,28.50,3),(133,'California',110,'WES',1946,16,5.00,33.00,2),(134,'Die Wildgänse kommen',145,'ACT',1977,16,5.00,47.85,3),(135,'Terminator II',130,'ACT',1991,18,6.00,42.90,2),(136,'Und es gab nur einen Zeugen',110,'KRI',1990,16,4.80,33.00,3),(137,'Manche mögen\'s heiss',120,'KOM',1959,14,4.00,24.00,3),(138,'Dezemberbraut',95,'DRA',1990,16,5.00,28.50,1),(139,'Magere Zeiten',95,'SAT',1984,16,5.50,28.50,3),(140,'Themroc',120,'KOM',1972,16,5.00,36.00,2),(141,'Stadt ohne Mitleid',100,'DRA',1960,16,4.10,20.00,3),(142,'Ada, Frau mit Vergangenheit',105,'DRA',1961,16,4.10,31.50,3),(143,'Der Verehrer',115,'KRI',1992,18,4.90,34.50,4),(144,'Mit Volldampf voraus',80,'KOM',1935,12,4.70,16.00,1),(145,'Der Rosarote Panther',110,'KOM',1963,14,4.70,33.00,4),(146,'Flug in die Freiheit',95,'ACT',1990,16,5.00,31.35,2),(147,'White Sands, Der Grosse Deal',100,'THR',1992,18,5.80,30.00,3),(148,'Die nackte Kanone',95,'KOM',1988,16,4.50,28.50,3),(149,'Der Dampfhammer von Send-Ling',85,'ACT',1981,16,4.50,28.05,3),(150,'Brocks letzter Fall',105,'KRI',1973,16,5.50,31.50,4),(151,'Mit dem Herzen einer Mutter',60,'MEL',1992,16,7.00,18.00,2),(152,'Feuer im Blut',95,'KOM',1955,16,4.70,28.50,3),(153,'Bugsy',135,'KRI',1991,16,4.70,40.50,3),(154,'Ausbruch der 28',100,'ABE',1970,16,4.00,30.00,3),(155,'Das Haus unter den Bäumen',95,'PSY',1971,18,5.60,28.50,3),(156,'Faustrecht der Prärie',90,'WES',1946,16,6.00,18.00,4),(157,'Jersey Girl',110,'MEL',1992,16,5.00,33.00,3),(158,'Nadine, Eine kugelsichere Liebe',95,'KRI',1987,16,4.40,28.50,2),(159,'Hände weg von Stefanie!',105,'KOM',1989,14,3.60,31.50,3),(160,'El Cid',175,'BIO',1961,14,8.00,52.50,4),(161,'Die blaue Lagune',125,'ROM',1980,14,5.50,37.50,4),(162,'Tod im Spiegel',115,'THR',1991,16,6.00,34.50,3),(163,'P.R.O.F.S.',110,'KOM',1985,12,4.50,33.00,1),(164,'Deadly Instinct',105,'KRI',1991,18,7.00,31.50,2),(165,'Der Mann mit dem goldenen Colt',150,'ACT',1974,16,8.00,49.50,3),(166,'Rambo',105,'ACT',1982,18,5.80,34.65,3),(167,'Die Entfesselten',105,'THR',1974,16,4.90,31.50,3),(168,'Overthrow - Söldner des Schreckens',90,'ACT',1987,16,4.50,29.70,3),(169,'Alien 4',105,'SF',1997,16,4.20,31.50,3),(170,'Was ist denn bloss mit Willi los?',85,'KOM',1970,12,4.90,25.50,2),(171,'Ich liebe dich zu Tode',100,'KOM',1990,14,3.60,30.00,1),(172,'Rio Grande',100,'WES',1950,14,4.80,20.00,3),(173,'Mafia Princess',95,'MEL',1985,16,4.50,28.50,2),(174,'Endstation Hölle',100,'KAT',1972,18,5.80,30.00,3),(175,'Auf Risiko ist kein Rabatt',90,'ACT',1973,16,5.80,29.70,3),(176,'Brazil',135,'SAT',1984,16,4.70,40.50,3),(177,'Auf den Schwingen des Todes',105,'THR',1986,16,4.90,31.50,3),(178,'Mein Vetter Winnie',135,'KOM',1991,14,4.20,40.50,3),(179,'Highlander II - Die Rückkehr',115,'FAN',1990,18,6.00,34.50,2),(180,'Operation Tanger',110,'AGE',1982,16,6.00,33.00,3),(181,'James Bond - Man lebt nur zweimal',140,'THR',1966,16,6.50,42.00,3),(182,'Rambo III',110,'ACT',1988,18,5.50,36.30,3),(183,'P.O.W - Die Vergeltung',95,'KRI',1986,16,4.90,28.50,4),(184,'Aliens',150,'SF',1986,16,4.50,30.00,3),(185,'Houdini, der König des Variétés',105,'BIO',1953,14,4.50,31.50,4),(186,'Der wilde Haufen von Navarone',135,'KRG',1978,18,7.90,40.50,2),(187,'Mad Mission V',95,'ACT',1989,16,5.90,31.35,3),(188,'Das Ende des Schweigens',120,'DRA',1991,16,5.80,36.00,3),(189,'Twins - Zwillinge',125,'KOM',1988,14,5.60,37.50,2),(190,'Rita will es endlich wissen',105,'KOM',1983,16,5.60,31.50,1),(191,'Eyes Wide Shut',155,'DRA',1988,12,4.00,25.50,3),(192,'Das Mädchen aus der Streichholzfabrik',65,'DRA',1989,16,4.50,19.50,4),(193,'Time Bandits',115,'FAN',1981,16,4.50,34.50,3),(194,'Peacemaker',95,'SF',1990,16,4.80,28.50,2),(195,'Der stärkste Mann der Welt',105,'ACT',1984,18,4.60,34.65,4),(196,'Mission Casablanca',100,'AGE',1966,16,4.10,30.00,1),(197,'Wildgänse II - Sie fliegen wieder',120,'ACT',1985,16,4.60,39.60,3),(198,'Mein Schatz ist aus Tirol',90,'KOM',1958,14,4.00,27.00,3),(199,'Zigarren werden nachts gerollt',75,'KRI',1977,16,5.50,22.50,3),(200,'Nicht ohne meinen Sohn',95,'DRA',1993,18,6.00,28.50,4),(201,'Viva Zapata!',100,'LIT',1951,16,5.10,20.00,3),(202,'Mein Vater, der Held',105,'KOM',1991,14,5.00,31.50,2),(203,'Die Marx Brothers im Zirkus',85,'KOM',1939,12,5.00,17.00,3),(204,'Die Wendeltreppe',80,'THR',1945,18,5.80,24.00,3),(205,'Themroc',105,'KOM',1972,14,4.00,31.50,4),(206,'Gefangen in Rio',100,'THR',1988,16,4.50,30.00,3),(207,'Sieben Frauen',85,'ABE',1965,16,5.00,25.50,3),(208,'Flirt mit dem Tod',120,'KRI',1992,16,5.60,36.00,2),(209,'Das Teufelscamp',125,'ACT',1977,18,5.90,41.25,3),(210,'In Verdacht',120,'THR',1987,16,5.90,36.00,3),(211,'Nosferatu in Venedig',95,'GRU',1986,18,6.50,28.50,3),(212,'Zeit der Zigeuner',130,'MIL',1989,16,6.00,39.00,1),(213,'Warlock',105,'WES',1959,16,5.40,31.50,3),(214,'Der Clan der Sizilianer',115,'KRI',1969,16,4.40,34.50,1),(215,'Junggeselle im Paradies',105,'KOM',1961,14,5.00,31.50,4),(216,'Silkwood',125,'POL',1982,18,5.50,37.50,1),(217,'Ich kämpfe um dich',105,'THR',1945,16,6.50,21.00,2),(218,'Doc Hollywood',120,'KOM',1991,14,4.00,36.00,1),(219,'Der Blob',100,'HOR',1988,18,4.90,30.00,3),(220,'Verdammt noch mal! Wo bleibt die Zärtlichkeit',105,'KOM',1978,16,4.90,31.50,3),(221,'Rocky IV - Der Kampf des Jahrhunderts',105,'ACT',1985,18,5.50,34.65,4),(222,'Blutige Hände',85,'KRI',1955,16,4.70,17.00,3),(223,'Unser Papa ist ein Geist',95,'KOM',1990,14,3.60,28.50,3),(224,'Countdown: Start zum Mond',110,'ABE',1968,14,3.70,33.00,3),(225,'Der Knalleffekt',130,'KOM',1988,14,3.90,39.00,2),(226,'Top Gun',110,'ACT',1986,16,4.00,37.50,3),(227,'Der Fluch des rosaroten Panthers',135,'KRI',1983,14,4.40,40.50,3),(228,'Liebe zu einem Fremden',105,'LIE',1986,16,5.80,31.50,4),(229,'Space Navigator',100,'SF',1993,16,4.50,30.00,3),(230,'King Kong',140,'ABE',1976,16,7.00,42.00,3),(231,'Deinen Skalp, Daniel Boone',90,'WES',1966,16,4.70,27.00,2),(232,'Julius Cäsar',115,'DRA',1953,14,7.00,23.00,3),(233,'Blondinen bevorzugt',90,'KOM',1953,16,5.70,27.00,3),(234,'Wenn das Schicksal es will',115,'DRA',1979,16,5.90,34.50,4),(235,'Dirty Dingus, der schärfste aller Banditen',90,'WES',1970,16,4.00,27.00,2),(236,'Der Sohn des Paten',95,'KRI',1988,16,4.50,28.50,4),(237,'Gefahr im Tal der Tiger',90,'ABE',1965,16,5.40,27.00,1),(238,'Absolute Beginners',100,'MUS',1986,14,4.10,30.00,3),(239,'Apology - Tödliches Geständnis',95,'THR',1986,18,5.70,28.50,1),(240,'Sherlock Holmes\' cleverer Bruder',85,'KRI',1975,16,4.50,25.50,1),(241,'Zwei Banditen',105,'WES',1968,16,4.80,31.50,3),(242,'...denn keiner ist ohne Schuld',115,'MEL',1965,16,6.60,34.50,2),(243,'Auf der Suche nach dem goldenen Himmel',90,'ABE',1982,16,6.50,27.00,3),(244,'Sie kannten nur ein Ziel',130,'TAN',1984,16,8.00,39.00,3),(245,'Der doppelte Ehemann',110,'LUS',1955,14,4.00,22.00,3),(246,'Schattenwelt - Rückkehr aus dem Nichts',80,'THR',1991,18,5.80,24.00,4),(247,'700 Meilen westwärts',145,'WES',1974,16,4.50,43.50,3),(248,'Peter Voss, der Millionendieb',90,'KRI',1945,16,4.00,18.00,3),(249,'Irren ist mörderisch',75,'KOM',1992,16,4.40,22.50,3),(250,'Der letzte Befehl',115,'WES',1959,16,5.00,34.50,2),(251,'Long Riders',95,'WES',1980,16,5.50,28.50,3),(252,'Gorky Park',150,'THR',1983,18,6.60,45.00,3),(253,'Wer erschoss Jim Blessing?',105,'WES',1991,16,5.50,31.50,2),(254,'Schüsse peitschen durch die Nacht',90,'WES',1956,16,5.50,27.00,4),(255,'Dr. Zyklop',85,'HOR',1940,18,4.50,25.50,2),(256,'Im Bann des Psychopathen',110,'THR',1993,18,5.50,33.00,3),(257,'Anschlag bei Nacht',95,'THR',1976,18,5.60,28.50,2),(258,'Ghostbusters II',130,'GRU',1989,16,4.80,39.00,3),(259,'Vier im roten Kreis',140,'KRI',1970,16,5.50,42.00,4),(260,'Der Partyschreck',95,'KOM',1967,14,4.50,28.50,3),(261,'In der Stille der Nacht',90,'PSY',1982,18,5.50,27.00,3),(262,'Pulse',85,'HOR',1987,18,4.50,25.50,3),(263,'Krieg der Bosse',190,'THR',1992,16,5.80,57.00,3),(264,'Reefer und das Mädchen',90,'ROA',1987,16,4.50,27.00,1),(265,'Der Glückspilz',120,'KOM',1965,14,4.50,24.00,3),(266,'Vincent und Theo',135,'POR',1989,14,4.90,40.50,4),(267,'Stadt in Gefahr',70,'THR',1959,16,4.70,14.00,3),(268,'Unter den Dächern von Paris',90,'ROM',1930,14,4.00,18.00,3),(269,'Der rosarote Panther wird gejagt',95,'KRI',1982,14,4.70,28.50,1),(270,'Der Tod kommt auf leisen Sohlen',75,'KRI',1958,16,4.00,15.00,3),(271,'Mystic Pizza',100,'KOM',1987,14,4.90,30.00,4),(272,'Mad Max',85,'DRA',1979,16,3.90,25.50,3),(273,'Inspektor Clouseau: Der irre Flic mit dem heissen Blick',95,'KRI',1978,14,4.70,28.50,1),(274,'Der letzte Zug von Gun Hill',100,'WES',1958,16,6.50,30.00,4),(275,'Kinder des Sturms',90,'KRI',1989,16,4.00,27.00,1),(276,'Das Mädchen Marion',90,'MEL',1956,16,4.50,18.00,1),(277,'Die Sturmfahrt der \'Blue Fin\'',105,'ABE',1978,14,4.50,31.50,3),(278,'My Girl',100,'KOM',1992,14,4.50,30.00,2),(279,'Inspektor Clouseau: Der beste Mann bei Interpol',100,'KRI',1976,14,4.70,30.00,3),(280,'Wale im August',85,'DRA',1987,16,4.10,25.50,4),(281,'Geheimbund der Rose',180,'AGE',1988,16,7.00,54.00,3),(282,'Omen IV: Das Erwachen',110,'HOR',1991,18,5.50,33.00,2),(283,'Top Fighter',95,'ACT',1987,16,5.80,31.35,3),(284,'Das letzte Gefecht',125,'WES',1954,16,5.30,37.50,4),(285,'Davy Crockett - König der Trapper',105,'WES',1984,16,5.30,31.50,3),(286,'Dracula',80,'HOR',1931,16,6.50,16.00,2),(287,'Tödliche Weite',105,'THR',1994,16,5.50,31.50,3),(288,'Der Kuss vor dem Tode',105,'THR',1991,18,6.50,31.50,3),(289,'Caribe - Geschäft mit dem Tod',90,'THR',1987,16,5.40,27.00,4),(290,'Zwei Asse trumpfen auf',130,'ABE',1981,16,4.50,39.00,3),(291,'Porky\'s',100,'KOM',1981,16,5.00,30.00,3),(292,'Mord in den Wolken',100,'THR',1957,16,4.80,20.00,3),(293,'Nameless - Total Terminator',90,'SF',1990,18,5.50,27.00,1),(294,'Agency',95,'THR',1979,16,5.50,28.50,1),(295,'Spy Game',130,'THR',2001,12,7.50,20.00,4),(296,'Cinderella Liberty',115,'ROM',1973,16,6.00,34.50,3),(297,'Geheimauftrag Erdbeer-Vanille',95,'AGE',1989,16,5.40,28.50,3),(298,'Das Lied von Mord und Totschlag',90,'WES',1972,16,5.10,27.00,3),(299,'Kaltblütig',130,'KRI',1967,16,5.30,26.00,1),(300,'Die grosse Illusion',110,'KRI',1937,16,7.00,22.00,4),(301,'Cosby und Culp - Die Rückkehr der Superspione',115,'ACT',1993,16,5.00,37.95,3),(302,'Run, Tiger, Run!',110,'ACT',1989,18,5.50,36.30,2),(303,'Das Haus der anderen',110,'DRA',1993,16,5.50,33.00,3),(304,'Cheech und Chong - Jetzt raucht gar nichts mehr',100,'KOM',1983,14,5.00,30.00,3),(305,'Der letzte Tango in Paris',125,'LIE',1971,18,7.00,37.50,1),(306,'Die wahren Bosse - Ein teuflisches Imperium',115,'GAN',1991,18,5.50,34.50,4),(307,'Schleuderpartie',95,'KRI',1973,16,5.00,28.50,2),(308,'Ein Mann besiegt die Angst',80,'KRI',1956,18,5.70,16.00,3),(309,'Wilde Erdbeeren',85,'CHA',1957,16,4.30,17.00,3),(310,'Amerikanische Freundinnen',95,'LIE',1991,16,4.50,28.50,3),(311,'Die Verlorene',95,'PSY',1951,16,5.00,19.00,4),(312,'Norma Rae',105,'DRA',1978,16,5.50,31.50,2),(313,'Familiensache',100,'KOM',1990,14,5.00,30.00,3),(314,'Der Morgen danach',120,'KRI',1986,16,5.40,36.00,3),(315,'Begegnung mit einer Toten',110,'THR',1988,18,6.00,33.00,3),(316,'Tarzan in Manhattan',115,'ABE',1989,16,6.50,34.50,3),(317,'Schlachtfeld der Ehre',100,'KRI',1986,18,6.00,30.00,4),(318,'Panzerschiff <Graf Spee>',120,'KRI',1956,18,6.00,36.00,2),(319,'... und führe uns nicht in Versuchung',95,'MEL',1957,16,5.40,19.00,3),(320,'Der Schatten des Mörders',90,'THR',1991,18,6.00,27.00,3),(321,'Küssen und Lügen',95,'THR',1991,16,6.00,28.50,2),(322,'Die Marx Brothers im Kaufhaus',80,'KOM',1941,12,5.00,16.00,3),(323,'Asphalt',95,'STU',1929,12,5.00,19.00,4),(324,'Die Spur des Fremden',95,'PSY',1946,16,6.50,19.00,3),(325,'Mission Impossible II',125,'ACT',1999,16,5.00,16.00,3),(326,'Kehraus',90,'SAT',1983,16,5.90,27.00,3),(327,'Scheidung auf italienisch',100,'SAT',1961,16,5.80,20.00,3),(328,'Gegen ihren Willen',115,'DRA',1990,16,5.40,34.50,2),(329,'Poker',90,'THR',1987,16,5.10,27.00,4),(330,'Alex III. - Der Schnüffler mit der goldenen Nase',105,'KRI',1993,16,5.50,31.50,3),(331,'Run if you can oder Du bist das nächste Opfer',105,'THR',1987,18,6.00,31.50,4),(332,'Tanz der Vampire',100,'GRU',1966,16,4.50,30.00,4),(333,'Der Puppenmord',90,'KRI',1989,16,5.50,27.00,1),(334,'M.A.S.H.',110,'SAT',1969,16,5.00,33.00,3),(335,'Die Frau, von der man spricht',110,'KOM',1942,14,4.00,22.00,3),(336,'Klein Erna auf dem Jungfernstieg',90,'KOM',1969,14,4.20,27.00,3),(337,'Die Marx Brothers im Wilden Westen',80,'WES',1940,12,5.00,16.00,1),(338,'Ein Fall für Mac',70,'KRI',1990,16,5.70,21.00,3),(339,'Ziegfelds himmlische Träume',105,'MUS',1946,14,4.00,21.00,2),(340,'Die Frau mit den zwei Gesichtern',85,'KOM',1941,14,4.00,17.00,3),(341,'Das Viereck',65,'KOM',1986,14,5.00,19.50,4),(342,'Banana Airlines',90,'KOM',1981,16,4.90,27.00,3),(343,'Ein kleiner Mord',120,'KRI',1981,16,6.00,36.00,1),(344,'Nachts, wenn die Leichen schreien',85,'GRU',1975,18,6.50,25.50,4),(345,'Der Harte und der Zarte',90,'KOM',1989,16,5.40,27.00,4),(346,'Ein tollkühner Himmelhund',85,'PAR',1983,14,4.00,25.50,3),(347,'Supermann des Wilden Westens',105,'WES',1976,16,4.50,31.50,2),(348,'Getrennte Betten',105,'KOM',1963,16,5.40,31.50,3),(349,'Der Honorarkonsul',100,'POL',1982,18,6.00,30.00,3),(350,'Grünes Feuer',95,'ABE',1954,16,4.20,28.50,4),(351,'Eins, zwei, drei',105,'KOM',1961,14,4.70,21.00,2),(352,'Die Uni meiner Träume',95,'KOM',1989,16,5.30,28.50,2),(353,'Karate Kid',140,'ACT',1983,18,6.00,46.20,4),(354,'Robin Hood - Ein Leben für Richard Löwenherz',125,'ABE',1991,16,7.00,37.50,3),(355,'Blind Date',105,'THR',1984,16,5.50,31.50,3),(356,'Leidenschaft ohne Grenzen',100,'KRI',1991,18,5.90,30.00,3),(357,'Ocean\'s Eleven',120,'THR',2001,12,5.00,45.00,3),(358,'Bekenntnisse eines Ehemannes',100,'DRA',1982,16,5.30,30.00,3),(359,'Die Rückkehr der Semmelknödelbande',130,'WES',1979,14,5.00,39.00,3),(360,'Masters of the Univers',125,'FAN',1987,14,5.50,37.50,2),(361,'Six Pack',120,'KOM',1982,14,4.10,36.00,3),(362,'Hollywoods letzter Heuler',135,'SAT',1981,16,6.50,40.50,3),(363,'James Bond 007 - Octopussy',130,'ACT',1983,16,7.00,42.90,4),(364,'Im Tresor ist die Hölle los',100,'KRI',1989,16,6.10,30.00,3),(365,'Leoparden küsst man nicht',95,'KOM',1938,14,5.20,19.00,2),(366,'Wilde Wasser',95,'HEI',1962,14,5.00,28.50,1),(368,'Das Millionending',105,'KOM',1968,16,6.00,31.50,2),(369,'Scampolo',100,'LIE',1957,16,5.20,30.00,3),(370,'Die Mafiosi-Braut',110,'KRI',1988,18,5.80,33.00,3),(371,'Das Concorde-Inferno',115,'KAT',1978,16,6.00,34.50,4),(372,'Mission Adler - Der starke Arm der Götter',125,'ACT',1991,16,4.50,41.25,3),(373,'Ohne jede Reue',115,'KRI',1992,18,5.50,34.50,3),(374,'Gefährliche Zeugen',100,'ACT',1982,16,5.50,33.00,1),(375,'Lancelot, der verwegene Ritter',135,'ABE',1962,14,5.10,40.50,2),(376,'Over the Top',90,'ACT',1986,18,5.90,29.70,2),(377,'La Bamba',125,'MUS',1986,14,5.50,37.50,2),(378,'Legende',90,'DRA',1985,12,6.50,33.00,3),(379,'Augen der Nacht',95,'THR',1990,16,5.10,28.50,4),(380,'Sag mir, was du willst',115,'KOM',1979,16,4.50,34.50,4),(381,'Der Couch-Trip',95,'SAT',1988,16,4.90,28.50,3),(382,'Codename: Dancer',90,'SPI',1987,16,5.60,27.00,3),(383,'Amazonen auf dem Mond',80,'KOM',1987,16,4.30,24.00,3),(384,'Pat Garret und Billy the Kid',115,'WES',1973,16,5.50,34.50,4),(385,'Tausend Melodien',90,'MUS',1956,14,4.50,27.00,2),(386,'Das dreckige Dutzend',145,'KRI',1966,18,6.90,43.50,3),(387,'Ich - die Nummer eins',115,'AGE',1972,16,4.00,34.50,3),(388,'Das Kindermädchen',85,'HOR',1989,18,5.50,25.50,3),(389,'Traumdämon',85,'HOR',1988,18,5.50,25.50,3),(390,'Die Nacht von San Lorenzo',105,'DRA',1982,16,4.50,31.50,2),(391,'Stunts - Das Geschäft mit dem eigenen Leben',95,'ACT',1977,16,4.90,31.35,3),(392,'Sag niemals nie',145,'ACT',1983,14,7.00,47.85,1),(393,'D.O.G. - Verbotene Tricks',100,'KRI',1991,18,5.50,30.00,3),(394,'Draculas Rückkehr',105,'GRU',1968,16,4.80,31.50,3),(395,'Gesellschaft für Mrs Di Marco',110,'KRI',1990,16,4.80,33.00,4),(396,'Clarence, der schielende Löwe',95,'JUG',1965,12,4.90,28.50,3),(397,'Weit draussen lauert der Tod',105,'THR',1993,16,5.80,31.50,3),(398,'Der Spatz in der Hand',110,'KOM',1971,14,5.00,33.00,2),(399,'Red Moon',105,'HOR',1990,18,6.50,31.50,4),(400,'Rama Dama',105,'DRA',1990,16,6.10,31.50,2),(401,'Feuersturm im Wolkenkratzer',95,'KAT',1991,16,7.10,28.50,4),(402,'Das Pariser Appartement',100,'LIE',1971,16,5.90,30.00,4),(403,'Eine Woche Heiratsfrist',95,'LIE',1985,16,4.00,28.50,4),(404,'Deep End',95,'THR',2001,12,4.70,16.00,2),(405,'Telefon',100,'THR',1977,16,5.80,30.00,1),(406,'U-Boot in Not',105,'KAT',1976,18,6.20,31.50,3),(407,'Tennessee Nights',100,'KRI',1989,16,5.90,30.00,4),(408,'Mister Universum',95,'KOM',1976,16,5.50,28.50,3),(409,'Die Maske',120,'DRA',1985,16,5.90,36.00,2),(410,'Frühstück im Doppelbett',95,'KOM',1963,14,3.70,19.00,3),(411,'Roben Hood, König der Vagabunden',100,'ABE',1938,14,3.80,30.00,3),(412,'Günstling einer Königin',100,'MEL',1939,16,4.80,20.00,1),(413,'Die Dämonen',110,'LIT',1987,16,5.50,33.00,2),(414,'Brasilianische Rhapsodie',100,'ABE',1960,14,5.00,30.00,3),(415,'Katzenmenschen',110,'HOR',1982,18,6.40,22.00,3),(416,'Der rote Reiter',90,'WES',1952,16,6.50,27.00,3),(417,'Manta - Der Film',115,'ACT',1991,16,6.10,37.95,2),(418,'Wenn die Wölfe heulen',135,'ABE',1983,16,5.50,40.50,4),(419,'Hector, der Ritter ohne Furcht und Tadel',100,'ABE',1975,14,4.70,30.00,3),(420,'Die Galgenvögel',110,'ABE',1986,18,6.00,33.00,2),(421,'Die Pfarrhauskomödie',85,'KOM',1971,16,5.90,25.50,4),(422,'Frühstück bei Tiffany',130,'KOM',1960,14,4.90,39.00,3),(423,'Winnetou II',110,'ABE',1964,14,4.50,33.00,4),(424,'Der Wüstenplanet',150,'SF',1984,18,6.80,45.00,3),(425,'Mission of Justice - Martial Law III',85,'ACT',1992,16,6.00,28.05,3),(426,'Die teuflischen Engel',90,'GAN',1967,18,5.80,27.00,2),(427,'Der grosse Grieche',100,'MEL',1977,16,6.10,30.00,3),(428,'Frauen auf dem Dach',85,'PSY',1989,16,4.40,25.50,4),(429,'Amityville Horror IV',110,'HOR',1989,18,4.50,33.00,3),(430,'Geheimsache Schweinebacke',100,'ACT',1985,16,5.70,33.00,2),(431,'Ein Paar wie Katz und Hund',70,'KOM',1935,14,4.50,14.00,3),(432,'Das Leben des Brian',90,'SAT',1979,16,5.60,27.00,1),(433,'Die Legende vom Killer Tom',100,'DRA',1972,16,5.80,30.00,3),(434,'Ein Mord zuviel',100,'THR',1992,16,6.50,30.00,2),(435,'Die jungen Liebenden',100,'LIE',1971,18,6.40,30.00,3),(436,'Ein charmanter Schwindler',75,'KOM',1933,14,4.90,15.00,1),(437,'Columbo: Niemand stirbt zweimal',90,'KRI',1989,16,5.50,27.00,3),(438,'Alarm im Weltall',95,'SF',1955,16,6.90,28.50,4),(439,'Die Patty-Duke-Story',115,'BIO',1990,16,7.50,34.50,2),(440,'Private Sessions - Im Labyrinth des Wahnsinns',105,'MEL',1985,16,6.40,31.50,3),(441,'Monster des Grauens greifen an',85,'SF',1970,16,3.80,25.50,2),(442,'Sophies Entscheidung',145,'MEL',1982,16,5.70,43.50,3),(443,'Convoy',105,'ACT',1978,16,5.30,34.65,3),(444,'Zwei ausgebuffte Profis',105,'KOM',1977,16,5.50,31.50,3),(445,'Unruhiges Blut',90,'DRA',1948,16,5.80,27.00,2),(446,'Meuterei am Schlangenfluss',90,'WES',1952,14,4.90,27.00,3),(447,'Flag',100,'KRI',1986,16,5.60,30.00,3),(448,'Wenn er in die Hölle will, lass ihn gehen',120,'ABE',1982,18,6.20,36.00,2),(449,'Vier Tage in der Hölle',100,'KRI',1974,16,5.50,30.00,3),(450,'Frankensteins Ungeheuer',95,'GRU',1961,16,6.60,28.50,3),(451,'Der Priestermord',130,'THR',1988,18,6.20,39.00,3),(452,'Liebe Unbekannte',95,'DRA',1980,16,5.30,28.50,3),(453,'Katastrophenflug 243',90,'KAT',1988,16,7.00,27.00,3),(454,'Extremities',85,'THR',1986,16,5.40,25.50,1),(455,'Nightlove',90,'KOM',1989,16,4.10,27.00,3),(456,'Sissi, die junge Kaiserin',105,'LIE',1956,12,5.00,31.50,2),(457,'Der Fremde am Strand',95,'LIT',1988,16,5.80,28.50,3),(458,'Frauen am Rande des Nervenzusammenbruchs',85,'SAT',1987,16,5.30,25.50,4),(459,'Der Einzelgänger',120,'THR',1980,18,6.40,36.00,3),(460,'Der Clou',125,'KOM',1973,16,5.70,37.50,1),(461,'Anruf genügt - komme ins Haus',110,'KOM',1959,14,5.50,33.00,3),(462,'Für eine Handvoll Dollar',105,'WES',1964,16,5.70,31.50,3),(463,'Augen des Todes',105,'KRI',1993,16,5.10,31.50,3),(464,'Hochspannung - Todesfalle',100,'THR',1990,18,6.10,30.00,2),(465,'Weint um die Verdammten',130,'ABE',1957,16,6.00,39.00,4),(466,'Der Herr mit den Millionen',95,'KRI',1961,16,4.00,19.00,3),(467,'Die Killer-Autos von Paris',85,'THR',1974,16,6.10,25.50,3),(468,'Epilog - Das Geheimnis der Orplid',80,'THR',1950,16,5.10,16.00,4),(469,'Jung und rücksichtslos',90,'MEL',1984,16,5.50,27.00,4),(470,'Der Fall',100,'DRA',1972,16,4.50,20.00,3),(471,'Taxi Blues',105,'KOM',1990,14,4.00,31.50,3),(472,'Engel',90,'LIE',1937,14,6.20,18.00,3),(473,'Viridiana',90,'DRA',1961,16,5.00,18.00,3),(474,'Abrechnung in Gunhill',100,'WES',1971,16,4.50,30.00,4),(475,'Die Nächte mit Nancy',95,'LIE',1962,18,5.80,28.50,2),(476,'Auf die Knie, Django',100,'WES',1968,14,5.80,30.00,4),(477,'Bandit - Ein ausgekochtes Schlitzohr und eine kühle Blonde',105,'ACT',1993,14,5.70,34.65,4),(478,'Der Dschungelkönig von Borneo',120,'ABE',1988,16,5.90,36.00,2),(479,'Java Burn',90,'ACT',1988,16,6.50,29.70,3),(481,'Spinnen des Todes',115,'SF',1984,16,5.00,34.50,1),(482,'Lord Jim',145,'ABE',1964,16,4.10,43.50,4),(483,'Tote Bienen singen nicht',95,'KRI',1969,16,5.80,28.50,4),(484,'Hurra, die Knochenbrecher sind da',80,'ABE',1978,16,5.30,24.00,2),(485,'Kramer gegen Kramer',100,'DRA',1979,16,7.00,30.00,4),(486,'Der Mann, den sie Pferd nannten II',120,'WES',1976,16,5.50,36.00,3),(487,'Am Ende der Nacht',85,'DRA',1992,16,5.40,25.50,1),(488,'Das Gesetz der Macht',105,'THR',1990,18,5.50,31.50,2),(489,'Batmans Rückkehr',140,'FAN',1992,16,7.10,42.00,3),(490,'Reingelegt',110,'KOM',1990,16,4.20,33.00,4),(491,'Bandenkrieg',105,'KRI',1992,16,5.50,31.50,3),(492,'Die Frauen von San Quentin',105,'DRA',1983,16,6.40,31.50,2),(493,'Tribun und Verschwörer',120,'HIS',1964,14,6.10,36.00,3),(494,'Die Mitternachtsvenus',115,'KOM',1950,14,4.00,34.50,3),(495,'Nackt unter der Wüstensonne',65,'ABE',1989,16,5.50,19.50,4),(496,'Dance Academy',130,'TAN',1987,14,3.90,39.00,4),(497,'Anna von Singapur',90,'MEL',1953,14,5.50,27.00,3),(498,'Little Kidnappers',90,'JUN',1990,12,5.00,27.00,3),(499,'Vier Mädels aus der Wachau',95,'HEI',1957,14,3.80,28.50,1),(500,'Blue Steel',95,'THR',1989,18,5.50,28.50,3);

CREATE TABLE `ausleihe` (
  `Ausleihnr` int(11) NOT NULL AUTO_INCREMENT,
  `Kundennummer` int(11) DEFAULT NULL,
  `Videonummer` int(11) DEFAULT NULL,
  `Ausleihe` date DEFAULT NULL,
  `Rueckgabe` date DEFAULT NULL,
  PRIMARY KEY (`Ausleihnr`),
  KEY `Kundennummer` (`Kundennummer`),
  KEY `Videonummer` (`Videonummer`),
  CONSTRAINT `ausleihe_ibfk_1` FOREIGN KEY (`Kundennummer`) REFERENCES `kunde` (`Kundennummer`),
  CONSTRAINT `ausleihe_ibfk_2` FOREIGN KEY (`Videonummer`) REFERENCES `film` (`Videonummer`)
); 

INSERT INTO `ausleihe` VALUES (1,1,1,'2019-08-03','2019-08-05'),(2,2,35,'2019-08-03','2019-08-06'),(3,2,36,'2019-08-03','2019-08-06'),(4,3,77,'2019-08-03','2019-08-04'),(5,3,78,'2019-08-03','2019-08-04'),(6,3,83,'2019-08-03','2019-08-04'),(7,4,110,'2019-08-04','2019-08-07'),(8,5,34,'2019-08-04','2019-08-05'),(9,6,7,'2019-08-04','2019-08-10'),(10,7,38,'2019-08-05','2019-08-07'),(11,8,69,'2019-08-05','2019-08-07'),(12,9,14,'2019-08-06','2019-08-07'),(13,9,20,'2019-08-06','2019-08-11'),(14,10,46,'2019-08-06','2019-08-10'),(15,11,90,'2019-08-06','2019-08-11'),(16,12,73,'2019-08-07','2019-08-11'),(17,12,54,'2019-08-07','2019-08-11'),(18,13,109,'2019-08-09','2019-08-10'),(19,14,22,'2019-08-09','2019-08-12'),(20,15,8,'2019-08-09','2019-08-11'),(21,15,41,'2019-08-09','2019-08-11'),(22,6,96,'2019-08-10','2019-08-12'),(23,6,98,'2019-08-10','2019-08-12'),(24,16,31,'2019-08-10','2019-08-13'),(25,17,40,'2019-08-10','2019-08-14'),(26,18,53,'2019-08-10','2019-08-13'),(27,19,43,'2019-08-10','2019-08-11'),(28,9,85,'2019-08-11','2019-08-16'),(29,9,86,'2019-08-11','2019-08-16'),(30,20,82,'2019-08-11','2019-08-16'),(31,21,98,'2019-08-13','2019-08-20'),(32,22,91,'2019-08-11','2019-08-14'),(33,23,103,'2019-08-12','2019-08-13'),(34,23,74,'2019-08-12','2019-08-13'),(35,24,92,'2019-08-12','2019-08-17'),(36,25,90,'2019-08-12','2019-08-17'),(37,25,93,'2019-08-12','2019-08-17'),(38,14,87,'2019-08-12','2019-08-16'),(39,26,111,'2019-08-12','2019-08-17'),(40,26,112,'2019-08-12','2019-08-17'),(41,27,14,'2019-08-12','2019-08-18'),(42,28,32,'2019-08-13','2019-08-17'),(43,29,8,'2019-08-13','2019-08-16'),(44,29,1,'2019-08-13','2019-08-15'),(45,16,28,'2019-08-13','2019-08-18'),(46,18,88,'2019-08-13','2019-08-16'),(47,30,96,'2019-08-13','2019-08-18'),(48,30,100,'2019-08-13','2019-08-18'),(49,31,69,'2019-08-14','2019-08-17'),(50,32,35,'2019-08-14','2019-08-19'),(51,33,8,'2019-08-17','2019-08-18'),(52,33,85,'2019-08-17','2019-08-18'),(53,34,49,'2019-08-16','2019-08-19'),(54,35,52,'2019-08-16','2019-08-19'),(55,35,16,'2019-08-16','2019-08-17'),(56,36,26,'2019-08-16','2019-08-17'),(57,37,34,'2019-08-16','2019-08-17'),(58,37,31,'2019-08-16','2019-08-17'),(59,37,20,'2019-08-16','2019-08-17'),(60,37,74,'2019-08-16','2019-08-17'),(61,38,40,'2019-08-17','2019-08-19'),(62,38,39,'2019-08-17','2019-08-19'),(63,38,90,'2019-08-18','2019-08-19'),(64,39,51,'2019-08-17','2019-08-21'),(123,4,21,'2019-08-16','2019-08-17'),(124,4,24,'2019-08-16','2019-08-18'),(125,4,26,'2019-08-18','2019-08-20'),(126,11,33,'2019-08-16','2019-08-18'),(127,34,50,'2019-08-16','2019-08-18'),(128,34,60,'2019-08-16','2019-08-18'),(129,34,52,'2019-08-21','2019-08-23'),(133,34,21,'2019-08-21','2019-08-23'),(134,34,23,'2019-08-21','2019-08-22'),(163,11,3,'2019-08-22','2019-08-24'),(164,15,124,'2019-08-22','2019-08-25'),(165,15,106,'2019-08-22','2019-08-25'),(166,32,96,'2019-08-22','2019-08-24'),(170,32,58,'2019-08-22','2019-08-24'),(291,10,67,'2019-08-22','2019-08-25'),(293,10,37,'2019-08-22','2019-08-25'),(294,13,8,'2019-08-23','2019-08-25'),(299,13,115,'2019-08-23','2019-08-25'),(300,2,127,'2019-08-23','2019-08-24'),(301,5,30,'2019-08-23','2019-08-25'),(302,5,109,'2019-08-23','2019-08-24'),(303,32,17,'2019-08-23','2019-08-31'),(304,32,131,'2019-08-23','2019-08-26'),(305,1,101,'2019-08-23','2019-08-25'),(306,1,102,'2019-08-23','2019-08-25'),(307,1,11,'2019-08-23','2019-08-26'),(308,20,43,'2019-08-23','2019-08-25'),(309,20,64,'2019-08-23','2019-08-25'),(310,21,27,'2019-08-24','2019-08-25'),(311,21,5,'2019-08-24','2019-08-25'),(312,21,119,'2019-08-24','2019-08-26'),(313,22,83,'2019-08-24','2019-08-26'),(314,30,75,'2019-08-24','2019-08-25'),(315,30,46,'2019-08-24','2019-08-25'),(316,29,33,'2019-08-24','2019-08-26'),(317,18,132,'2019-08-24','2019-08-26'),(318,3,96,'2019-08-25','2019-08-27'),(319,25,3,'2019-08-25','2019-08-27'),(320,25,50,'2019-08-25','2019-08-27'),(321,7,24,'2019-08-25','2019-08-26'),(322,8,21,'2019-08-25','2019-08-28'),(323,8,12,'2019-08-25','2019-08-26'),(324,17,92,'2019-08-25','2019-08-26'),(325,17,71,'2019-08-25','2019-08-26'),(326,17,15,'2019-08-25','2019-08-26'),(327,9,55,'2019-08-25','2019-08-28'),(328,9,109,'2019-08-25','2019-08-28'),(329,12,104,'2019-08-26','2019-08-28'),(330,40,99,'2019-08-26','2019-08-27'),(331,40,32,'2019-08-26','2019-08-27'),(332,19,22,'2019-08-26','2019-08-28'),(333,19,42,'2019-08-26','2019-08-28'),(334,23,116,'2019-08-26','2019-08-27'),(335,41,127,'2019-08-26','2019-08-26'),(336,42,111,'2019-08-26','2019-08-28'),(337,42,25,'2019-08-26','2019-08-28'),(338,24,9,'2019-08-27','2019-08-28'),(339,26,2,'2019-08-27','2019-08-28'),(340,26,100,'2019-08-27','2019-08-28'),(341,26,102,'2019-08-27','2019-08-27'),(342,27,107,'2019-08-27','2019-08-29'),(343,35,35,'2019-08-27','2019-08-29'),(344,35,29,'2019-08-27','2019-08-28'),(345,35,114,'2019-08-27','2019-08-27'),(346,13,40,'2019-08-27','2019-08-30'),(347,14,119,'2019-08-27','2019-08-29'),(348,6,105,'2019-08-27','2019-08-28'),(349,6,20,'2019-08-27','2019-08-31'),(350,16,19,'2019-08-27','2019-08-27'),(351,31,98,'2019-08-27','2019-08-29'),(352,31,15,'2019-08-27','2019-08-28'),(382,44,3,'2019-08-28','2019-08-30'),(383,44,15,'2019-08-28','2019-08-30'),(384,43,41,'2019-08-28','2019-08-29'),(385,43,42,'2019-08-28','2019-08-30'),(386,39,64,'2019-08-28','2019-08-30'),(387,39,110,'2019-08-28','2019-08-28'),(388,39,121,'2019-08-28','2019-08-30'),(389,15,91,'2019-08-28','2019-08-29'),(390,3,83,'2019-08-28','2019-08-31'),(391,3,66,'2019-08-28','2019-08-31'),(392,21,38,'2019-08-28','2019-08-30'),(393,21,22,'2019-08-28','2019-08-30'),(394,21,16,'2019-08-28','2019-08-29'),(395,42,10,'2019-08-28','2019-08-31'),(396,9,29,'2019-08-28','2019-08-29'),(397,22,76,'2019-08-28','2019-09-01'),(398,28,111,'2019-08-28','2019-08-31'),(399,16,127,'2019-08-28','2019-09-01'),(400,16,18,'2019-08-28','2019-09-01'),(401,45,46,'2019-08-29','2019-09-01'),(402,45,125,'2019-08-29','2019-09-01'),(403,46,67,'2019-08-29','2019-09-02'),(404,47,49,'2019-08-29','2019-08-30'),(405,47,4,'2019-08-29','2019-08-30'),(406,12,89,'2019-08-29','2019-08-30'),(407,33,13,'2019-08-29','2019-08-31'),(408,41,11,'2019-08-29','2019-08-31'),(409,41,112,'2019-08-29','2019-08-31'),(410,34,18,'2019-08-29','2019-09-01'),(411,49,119,'2019-08-30','2019-09-02'),(412,49,128,'2019-08-30','2019-09-02'),(413,49,129,'2019-08-30','2019-08-31'),(414,49,130,'2019-08-30','2019-08-31'),(415,49,48,'2019-08-30','2019-08-31'),(416,5,87,'2019-08-30','2019-09-03'),(417,5,29,'2019-08-30','2019-09-03'),(418,50,35,'2019-08-31','2019-09-02'),(419,50,111,'2019-08-31','2019-09-02'),(420,51,43,'2019-08-31','2019-09-03'),(421,11,77,'2019-08-31','2019-09-02'),(422,11,28,'2019-08-31','2019-09-02'),(423,27,19,'2019-08-31','2019-09-02'),(424,27,44,'2019-08-31','2019-09-02'),(425,28,26,'2019-08-31','2019-09-01'),(426,52,143,'2019-09-01','2019-09-03'),(427,52,62,'2019-09-01','2019-09-03'),(428,9,92,'2019-09-01','2019-09-02'),(429,7,91,'2019-09-01','2019-09-02'),(430,29,73,'2019-09-01','2019-09-03'),(431,34,66,'2019-09-01','2019-09-03'),(432,34,65,'2019-09-01','2019-09-03'),(433,22,14,'2019-09-01','2019-09-03'),(434,23,18,'2019-09-01','2019-09-06'),(435,39,114,'2019-09-01','2019-09-04'),(436,39,93,'2019-09-01','2019-09-04'),(437,39,75,'2019-09-01','2019-09-04'),(438,45,63,'2019-09-01','2019-09-03'),(439,36,71,'2019-09-01','2019-09-03'),(440,36,27,'2019-09-01','2019-09-03'),(441,17,9,'2019-09-01','2019-09-03'),(442,3,72,'2019-09-01','2019-09-03'),(443,8,89,'2019-09-01','2019-09-04'),(444,8,90,'2019-09-01','2019-09-04'),(445,53,1,'2019-09-01','2019-09-03'),(446,53,100,'2019-09-01','2019-09-03'),(447,42,74,'2019-09-02','2019-09-03'),(448,27,61,'2019-09-02','2019-09-04'),(449,48,55,'2019-09-02','2019-09-04'),(450,48,104,'2019-09-02','2019-09-05'),(451,47,106,'2019-09-02','2019-09-04'),(452,47,79,'2019-09-02','2019-09-04'),(453,54,69,'2019-09-02','2019-09-03'),(454,7,12,'2019-09-02','2019-09-03'),(455,23,42,'2019-09-02','2019-09-04'),(456,55,15,'2019-09-03','2019-09-05'),(457,55,160,'2019-09-03','2019-09-05'),(458,56,112,'2019-09-03','2019-09-06'),(459,57,155,'2019-09-03','2019-09-05'),(460,57,25,'2019-09-03','2019-09-05'),(461,29,132,'2019-09-03','2019-09-04'),(462,12,121,'2019-09-03','2019-09-05'),(463,58,44,'2019-09-03','2019-09-05'),(464,33,28,'2019-09-03','2019-09-05'),(465,33,18,'2019-09-03','2019-09-05'),(466,33,82,'2019-09-03','2019-09-05'),(467,33,39,'2019-09-03','2019-09-06'),(468,59,22,'2019-09-03','2019-09-05'),(469,60,15,'2019-09-04','2019-09-06'),(470,61,84,'2019-09-04','2019-09-07'),(471,61,19,'2019-09-04','2019-09-07'),(472,25,140,'2019-09-04','2019-09-05'),(473,62,38,'2019-09-04','2019-09-04'),(474,32,124,'2019-09-04','2019-09-05'),(475,63,11,'2019-09-05','2019-09-06'),(476,63,29,'2019-09-05','2019-09-06'),(477,64,71,'2019-09-05','2019-09-07'),(478,21,99,'2019-09-05','2019-09-08'),(479,65,26,'2019-09-05','2019-09-06'),(480,65,17,'2019-09-05','2019-09-06'),(481,65,173,'2019-09-05','2019-09-06'),(482,66,170,'2019-09-05','2019-09-07'),(483,67,153,'2019-09-05','2019-09-07'),(484,18,152,'2019-09-05','2019-09-07'),(485,34,37,'2019-09-05','2019-09-08'),(486,34,67,'2019-09-05','2019-09-08'),(487,68,2,'2019-09-05','2019-09-07'),(488,69,45,'2019-09-06','2019-09-07'),(489,69,21,'2019-09-06','2019-09-07'),(490,40,16,'2019-09-06','2019-09-08'),(491,56,22,'2019-09-06','2019-09-08'),(492,33,180,'2019-09-06','2019-09-07'),(493,70,175,'2019-09-06','2019-09-07'),(494,70,141,'2019-09-06','2019-09-07'),(495,71,122,'2019-09-06','2019-09-08'),(496,45,110,'2019-09-06','2019-09-08'),(497,42,160,'2019-09-06','2019-09-08'),(498,42,173,'2019-09-06','2019-09-09'),(499,65,179,'2019-09-06','2019-09-08'),(500,72,190,'2019-09-07','2019-09-08'),(501,72,32,'2019-09-07','2019-09-08'),(502,29,181,'2019-09-07','2019-09-09'),(503,12,172,'2019-09-07','2019-09-09'),(504,12,145,'2019-09-07','2019-09-09'),(505,10,162,'2019-09-08','2019-09-09'),(506,10,19,'2019-09-08','2019-09-09'),(507,40,199,'2019-09-08','2019-09-10'),(508,73,111,'2019-09-08','2019-09-11'),(509,73,38,'2019-09-08','2019-09-11'),(510,74,4,'2019-09-08','2019-09-10'),(511,75,39,'2019-09-08','2019-09-10'),(512,75,92,'2019-09-08','2019-09-10'),(513,21,193,'2019-09-08','2019-09-11'),(514,56,180,'2019-09-08','2019-08-09'),(515,28,169,'2019-09-08','2019-09-14'),(516,28,146,'2019-09-08','2019-09-10'),(517,43,157,'2019-09-08','2019-09-12'),(518,43,200,'2019-09-08','2019-09-12'),(519,41,163,'2019-09-08','2019-09-10'),(520,30,128,'2019-09-08','2019-09-09'),(521,30,100,'2019-09-08','2019-09-09'),(522,30,170,'2019-09-08','2019-09-09'),(523,7,192,'2019-09-08','2019-09-09'),(524,7,85,'2019-09-08','2019-09-09'),(525,18,127,'2019-09-08','2019-09-09'),(526,18,84,'2019-09-08','2019-09-09'),(527,76,135,'2019-09-09','2019-09-10'),(528,76,130,'2019-09-09','2019-09-10'),(529,77,211,'2019-09-09','2019-09-11'),(530,42,212,'2019-09-09','2019-09-11'),(531,29,201,'2019-09-09','2019-09-11'),(532,16,105,'2019-09-09','2019-09-10'),(533,16,203,'2019-09-09','2019-09-10'),(534,39,183,'2019-09-09','2019-09-11'),(535,27,210,'2019-09-09','2019-09-12'),(536,19,35,'2019-09-10','2019-09-13'),(537,19,42,'2019-09-10','2019-09-13'),(538,55,145,'2019-09-10','2019-09-12'),(539,55,204,'2019-09-10','2019-09-11'),(540,52,156,'2019-09-10','2019-09-11'),(541,52,189,'2019-09-10','2019-09-11'),(542,52,13,'2019-09-10','2019-09-11'),(543,52,86,'2019-09-10','2019-09-12'),(544,52,18,'2019-09-10','2019-09-12'),(545,34,178,'2019-09-10','2019-09-11'),(546,34,39,'2019-09-10','2019-09-12'),(547,78,12,'2019-09-11','2019-09-12'),(548,78,222,'2019-09-11','2019-09-12'),(549,49,230,'2019-09-11','2019-09-13'),(550,29,229,'2019-09-11','2019-09-14'),(551,13,133,'2019-09-11','2019-09-13'),(552,79,212,'2019-09-12','2019-09-13'),(553,79,225,'2019-09-12','2019-09-13'),(554,67,38,'2019-09-12','2019-09-13'),(555,68,44,'2019-09-12','2019-09-13'),(556,68,94,'2019-09-12','2019-09-14'),(557,70,68,'2019-09-12','2019-09-14'),(558,70,2,'2019-09-12','2019-09-14'),(559,80,10,'2019-09-12','2019-09-15'),(560,80,99,'2019-09-12','2019-09-15'),(561,8,88,'2019-09-12','2019-09-13'),(562,81,92,'2019-09-13','2019-09-14'),(563,81,103,'2019-09-13','2019-09-13'),(564,81,77,'2019-09-13','2019-09-14'),(565,44,67,'2019-09-13','2019-09-14'),(566,44,23,'2019-09-13','2019-09-14'),(567,22,37,'2019-09-13','2019-09-15'),(568,22,54,'2019-09-13','2019-09-15'),(569,22,38,'2019-09-13','2019-09-15'),(570,7,42,'2019-09-13','2019-09-14'),(571,7,228,'2019-09-13','2019-09-14'),(572,39,201,'2019-09-13','2019-09-14'),(573,82,301,'2019-09-14','2019-09-15'),(574,82,321,'2019-09-14','2019-09-15'),(575,83,102,'2019-09-14','2019-09-16'),(576,25,333,'2019-09-14','2019-09-17'),(577,29,11,'2019-09-14','2019-09-17'),(578,29,314,'2019-09-14','2019-09-17'),(579,73,300,'2019-09-14','2019-09-15'),(580,84,299,'2019-09-15','2019-09-16'),(581,84,202,'2019-09-15','2019-09-16'),(582,85,334,'2019-09-15','2019-09-17'),(583,86,279,'2019-09-15','2019-09-18'),(584,9,255,'2019-09-15','2019-09-17'),(585,9,208,'2019-09-15','2019-09-17'),(586,80,380,'2019-09-15','2019-09-20'),(587,87,345,'2019-09-15','2019-09-18'),(588,88,37,'2019-09-15','2019-09-16'),(589,88,176,'2019-09-15','2019-09-18'),(590,88,222,'2019-09-15','2019-09-18'),(591,42,88,'2019-09-15','2019-09-16'),(592,36,346,'2019-09-15','2019-09-17'),(593,36,278,'2019-09-15','2019-09-16'),(594,89,216,'2019-09-15','2019-09-17'),(595,89,327,'2019-09-15','2019-09-17'),(596,72,350,'2019-09-15','2019-09-16'),(597,72,324,'2019-09-15','2019-09-20'),(598,55,106,'2019-09-15','2019-09-19'),(599,4,351,'2019-09-15','2019-09-17'),(600,4,209,'2019-09-15','2019-09-17'),(601,90,109,'2019-09-15','2019-09-25'),(602,22,39,'2019-09-15','2019-09-19'),(603,91,342,'2019-09-16','2019-09-17'),(604,91,231,'2019-09-16','2019-09-18'),(605,26,112,'2019-09-16','2019-09-18'),(606,19,312,'2019-09-16','2019-09-18'),(607,19,401,'2019-09-16','2019-09-18'),(608,31,332,'2019-09-16','2019-09-17'),(609,31,182,'2019-09-16','2019-09-17'),(610,92,402,'2019-09-16','2019-09-18'),(611,92,62,'2019-09-16','2019-09-18'),(612,93,76,'2019-09-16','2019-09-19'),(613,76,93,'2019-09-16','2019-09-18'),(614,94,326,'2019-09-17','2019-09-18'),(615,94,299,'2019-09-17','2019-09-18'),(616,13,221,'2019-09-17','2019-09-18'),(617,86,347,'2019-09-17','2019-09-18'),(618,5,387,'2019-09-17','2019-09-18'),(619,50,134,'2019-09-17','2019-09-19'),(620,50,315,'2019-09-17','2019-09-19'),(621,34,287,'2019-09-17','2019-09-20'),(622,56,378,'2019-09-17','2019-09-19'),(623,56,403,'2019-09-17','2019-09-19'),(624,56,311,'2019-09-17','2019-09-19'),(625,95,288,'2019-09-17','2019-09-18'),(626,96,412,'2019-09-18','2019-09-20'),(627,96,278,'2019-09-18','2019-09-20'),(628,97,371,'2019-09-18','2019-09-20'),(629,41,26,'2019-09-18','2019-09-20'),(630,98,374,'2019-09-19','2019-09-20'),(631,99,422,'2019-09-19','2019-09-21'),(632,71,298,'2019-09-19','2019-09-20'),(633,71,344,'2019-09-19','2019-09-20'),(634,71,405,'2019-09-19','2019-09-20'),(635,100,377,'2019-09-19','2019-09-20'),(636,100,52,'2019-09-19','2019-09-21'),(637,81,111,'2019-09-19','2019-09-21'),(638,39,378,'2019-09-19','2019-09-22'),(639,20,205,'2019-09-19','2019-09-22'),(640,20,321,'2019-09-19','2019-09-22'),(641,101,291,'2019-09-20','2019-09-21'),(642,101,228,'2019-09-20','2019-09-22'),(643,77,177,'2019-09-20','2019-09-21'),(644,43,179,'2019-09-20','2019-09-23'),(645,43,332,'2019-09-20','2019-09-23'),(646,43,299,'2019-09-20','2019-09-23'),(647,43,197,'2019-09-20','2019-09-23'),(648,43,33,'2019-09-20','2019-09-23'),(649,2,47,'2019-09-20','2019-09-22'),(650,2,51,'2019-09-20','2019-09-22'),(651,7,66,'2019-09-20','2019-09-21'),(652,7,54,'2019-09-20','2019-09-21'),(653,102,72,'2019-09-20','2019-09-28'),(654,102,89,'2019-09-20','2019-09-28'),(655,103,266,'2019-09-21','2019-09-23'),(656,67,222,'2019-09-21','2019-09-23'),(657,67,322,'2019-09-21','2019-09-23'),(658,67,49,'2019-09-21','2019-09-23'),(659,104,13,'2019-09-22','2019-09-23'),(660,85,64,'2019-09-22','2019-09-23'),(661,39,22,'2019-09-22','2019-09-24'),(662,39,44,'2019-09-22','2019-09-23'),(663,20,91,'2019-09-22','2019-09-25'),(664,20,92,'2019-09-22','2019-09-25'),(665,20,109,'2019-09-22','2019-09-25'),(666,72,278,'2019-09-22','2019-09-25'),(667,105,123,'2019-09-22','2019-09-23'),(668,106,334,'2019-09-22','2019-09-24'),(669,106,227,'2019-09-22','2019-09-25'),(670,12,73,'2019-09-22','2019-09-24'),(671,12,88,'2019-09-22','2019-09-24'),(672,52,229,'2019-09-22','2019-09-25'),(673,88,191,'2019-09-22','2019-09-23'),(674,88,139,'2019-09-22','2019-09-23'),(675,107,209,'2019-09-22','2019-09-25'),(676,107,121,'2019-09-22','2019-09-24'),(677,108,275,'2019-09-22','2019-09-25'),(678,65,254,'2019-09-22','2019-09-23'),(679,16,311,'2019-09-22','2019-09-23'),(680,16,271,'2019-09-22','2019-09-23'),(681,104,239,'2019-09-23','2019-09-24'),(682,93,172,'2019-09-23','2019-09-24'),(683,93,284,'2019-09-23','2019-09-24'),(684,71,77,'2019-09-23','2019-09-25'),(685,43,265,'2019-09-23','2019-09-25'),(686,23,309,'2019-09-23','2019-09-24'),(687,51,133,'2019-09-23','2019-09-25'),(688,51,24,'2019-09-23','2019-09-25'),(689,44,19,'2019-09-23','2019-09-25'),(690,67,226,'2019-09-23','2019-09-28'),(691,67,131,'2019-09-23','2019-09-28'),(692,54,333,'2019-09-24','2019-09-25'),(693,54,402,'2019-09-24','2019-09-25'),(694,109,431,'2019-09-24','2019-09-26'),(695,36,403,'2019-09-24','2019-09-26'),(696,36,377,'2019-09-24','2019-09-26'),(697,26,366,'2019-09-24','2019-09-25'),(698,39,354,'2019-09-24','2019-09-25'),(699,17,355,'2019-09-24','2019-09-25'),(700,17,203,'2019-09-24','2019-09-25'),(701,6,199,'2019-09-24','2019-09-26'),(702,6,122,'2019-09-24','2019-09-26'),(703,6,405,'2019-09-24','2019-09-26'),(704,110,328,'2019-09-25','2019-09-27'),(705,30,207,'2019-09-25','2019-09-26'),(706,30,128,'2019-09-25','2019-09-26'),(707,90,145,'2019-09-25','2019-09-26'),(708,32,434,'2019-09-26','2019-09-27'),(709,19,423,'2019-09-26','2019-09-27'),(710,36,119,'2019-09-26','2019-09-28'),(711,111,331,'2019-09-26','2019-09-28'),(712,111,105,'2019-09-26','2019-09-28'),(713,112,329,'2019-09-26','2019-09-28'),(714,58,222,'2019-09-26','2019-09-29'),(715,58,193,'2019-09-26','2019-09-29'),(716,27,24,'2019-09-26','2019-09-29'),(717,11,419,'2019-09-26','2019-09-28'),(718,11,290,'2019-09-26','2019-09-28'),(719,3,116,'2019-09-26','2019-09-29'),(720,66,338,'2019-09-26','2019-09-27'),(721,72,441,'2019-09-26','2019-09-28'),(722,71,378,'2019-09-27','2019-09-28'),(723,71,405,'2019-09-27','2019-09-28'),(724,80,244,'2019-09-27','2019-09-29'),(725,80,187,'2019-09-27','2019-09-29'),(726,65,199,'2019-09-27','2019-09-28'),(727,52,400,'2019-09-27','2019-09-30'),(728,50,223,'2019-09-27','2019-09-29'),(729,1,111,'2019-09-27','2019-09-28'),(730,15,252,'2019-09-27','2019-09-29'),(731,15,192,'2019-09-27','2019-09-29'),(732,15,398,'2019-09-27','2019-09-29'),(733,15,344,'2019-09-27','2019-09-30'),(734,44,167,'2019-09-28','2019-09-30'),(735,38,229,'2019-09-28','2019-09-30'),(736,38,297,'2019-09-28','2019-09-30'),(737,23,418,'2019-09-28','2019-09-29'),(738,17,410,'2019-09-29','2019-10-01'),(739,80,412,'2019-09-29','2019-10-01'),(740,80,11,'2019-09-29','2019-10-01'),(741,21,339,'2019-09-29','2019-09-30'),(742,21,20,'2019-09-29','2019-10-01'),(743,14,341,'2019-09-29','2019-10-02'),(744,14,100,'2019-09-29','2019-10-02'),(745,14,38,'2019-09-29','2019-10-02'),(746,14,43,'2019-09-29','2019-10-02'),(747,113,2,'2019-09-29','2019-09-30'),(748,113,88,'2019-09-29','2019-09-30'),(749,114,17,'2019-09-29','2019-10-01'),(750,115,87,'2019-09-29','2019-10-01'),(751,42,431,'2019-09-29','2019-09-30'),(752,116,109,'2019-09-29','2019-09-30'),(753,116,62,'2019-09-29','2019-09-30'),(754,88,355,'2019-09-29','2019-10-02'),(755,73,407,'2019-09-29','2019-10-01'),(756,73,328,'2019-09-29','2019-09-30'),(757,35,7,'2019-09-29','2019-10-03'),(758,35,92,'2019-09-29','2019-10-03'),(759,35,361,'2019-09-29','2019-10-03'),(760,35,423,'2019-09-29','2019-10-03'),(761,117,386,'2019-09-29','2019-10-02'),(762,118,446,'2019-09-30','2019-10-02'),(763,118,329,'2019-09-30','2019-10-02'),(764,26,437,'2019-09-30','2019-10-01'),(765,33,332,'2019-09-30','2019-10-01'),(766,33,413,'2019-09-30','2019-10-01'),(767,51,276,'2019-09-30','2019-10-02'),(768,8,358,'2019-09-30','2019-10-03'),(769,8,288,'2019-09-30','2019-10-03'),(770,4,447,'2019-09-30','2019-10-02'),(771,10,112,'2019-09-30','2019-10-02'),(772,10,18,'2019-09-30','2019-10-02'),(773,15,372,'2019-09-30','2019-10-02'),(774,24,422,'2019-09-30','2019-10-03'),(775,18,129,'2019-09-30','2019-10-02'),(776,37,228,'2019-10-01','2019-10-03'),(777,37,189,'2019-10-01','2019-10-03'),(778,37,125,'2019-10-01','2019-10-03'),(779,40,205,'2019-10-01','2019-10-02'),(780,119,166,'2019-10-01','2019-10-04'),(781,119,451,'2019-10-01','2019-10-04'),(782,119,12,'2019-10-01','2019-10-04'),(783,119,65,'2019-10-01','2019-10-04'),(784,120,37,'2019-10-01','2019-10-03'),(785,120,158,'2019-10-01','2019-10-03'),(786,49,331,'2019-10-01','2019-10-02'),(787,121,271,'2019-10-01','2019-10-03'),(788,48,334,'2019-10-01','2019-10-02'),(789,48,194,'2019-10-01','2019-10-03'),(790,47,236,'2019-10-02','2019-10-04'),(791,47,289,'2019-10-02','2019-10-04'),(792,122,226,'2019-10-02','2019-10-05'),(793,123,133,'2019-10-02','2019-10-04'),(794,46,328,'2019-10-03','2019-10-04'),(795,46,199,'2019-10-03','2019-10-04'),(796,35,42,'2019-10-03','2019-10-04'),(797,124,10,'2019-10-03','2019-10-06'),(798,124,174,'2019-10-03','2019-10-05'),(799,45,110,'2019-10-03','2019-10-07'),(800,59,327,'2019-10-03','2019-10-05'),(801,59,422,'2019-10-03','2019-10-05'),(802,60,172,'2019-10-03','2019-10-04'),(803,125,233,'2019-10-03','2019-10-05'),(804,125,85,'2019-10-03','2019-10-05'),(805,126,77,'2019-10-03','2019-10-05'),(806,57,16,'2019-10-03','2019-10-04'),(807,57,266,'2019-10-03','2019-10-04'),(808,53,116,'2019-10-03','2019-10-04'),(809,53,245,'2019-10-04','2019-10-05'),(810,53,173,'2019-10-04','2019-10-05'),(811,127,255,'2019-10-04','2019-10-08'),(812,127,223,'2019-10-04','2019-10-08'),(813,128,32,'2019-10-04','2019-10-06'),(814,70,129,'2019-10-04','2019-10-05'),(815,70,449,'2019-10-04','2019-10-05'),(816,68,462,'2019-10-04','2019-10-06'),(817,69,100,'2019-10-04','2019-10-06'),(818,69,23,'2019-10-04','2019-10-06'),(819,64,421,'2019-10-04','2019-10-05'),(820,63,229,'2019-10-04','2019-10-05'),(821,63,137,'2019-10-04','2019-10-05'),(822,63,295,'2019-10-04','2019-10-06'),(823,62,111,'2019-10-05','2019-10-06'),(824,62,13,'2019-10-05','2019-10-06'),(825,61,55,'2019-10-05','2019-10-07'),(826,72,326,'2019-10-05','2019-10-07'),(827,72,438,'2019-10-05','2019-10-07'),(828,80,325,'2019-10-06','2019-10-07'),(829,124,431,'2019-10-06','2019-10-07'),(830,124,33,'2019-10-06','2019-10-07'),(831,124,40,'2019-10-06','2019-10-07'),(832,129,18,'2019-10-06','2019-10-08'),(833,129,167,'2019-10-06','2019-10-08'),(834,129,203,'2019-10-06','2019-10-08'),(835,3,345,'2019-10-06','2019-10-08'),(836,3,201,'2019-10-06','2019-10-08'),(837,11,205,'2019-10-06','2019-10-08'),(838,1,423,'2019-10-06','2019-10-08'),(839,1,278,'2019-10-06','2019-10-07'),(840,34,344,'2019-10-06','2019-10-07'),(841,34,222,'2019-10-06','2019-10-07'),(842,55,191,'2019-10-06','2019-10-08'),(843,12,271,'2019-10-06','2019-10-07'),(844,12,233,'2019-10-06','2019-10-08'),(845,12,451,'2019-10-06','2019-10-08'),(846,6,324,'2019-10-06','2019-10-07'),(847,6,134,'2019-10-06','2019-10-07'),(848,43,227,'2019-10-06','2019-10-08'),(849,33,500,'2019-10-07','2019-10-10'),(850,33,325,'2019-10-07','2019-10-10'),(851,45,398,'2019-10-07','2019-10-08'),(852,130,488,'2019-10-07','2019-10-08'),(853,130,341,'2019-10-07','2019-10-08'),(854,131,206,'2019-10-07','2019-10-10'),(855,131,499,'2019-10-07','2019-10-10'),(856,50,487,'2019-10-07','2019-10-10'),(857,50,348,'2019-10-07','2019-10-10'),(858,50,17,'2019-10-07','2019-10-10'),(859,42,405,'2019-10-07','2019-10-08'),(860,42,455,'2019-10-07','2019-10-08'),(861,132,402,'2019-10-08','2019-10-10'),(862,132,229,'2019-10-08','2019-10-10'),(863,23,490,'2019-10-08','2019-10-10'),(864,23,126,'2019-10-08','2019-10-10'),(865,13,444,'2019-10-08','2019-10-11'),(866,13,276,'2019-10-08','2019-10-10'),(867,28,330,'2019-10-08','2019-10-11'),(868,28,271,'2019-10-08','2019-10-11'),(869,28,99,'2019-10-08','2019-10-10'),(870,77,404,'2019-10-08','2019-10-10'),(871,55,109,'2019-10-08','2019-10-11'),(872,33,491,'2019-10-10','2019-10-11'),(873,50,433,'2019-10-10','2019-10-12'),(874,41,195,'2019-10-10','2019-10-11'),(875,41,432,'2019-10-10','2019-10-11'),(876,2,308,'2019-10-10','2019-10-12'),(877,133,456,'2019-10-10','2019-10-12'),(878,133,364,'2019-10-10','2019-10-11'),(879,7,427,'2019-10-10','2019-10-11'),(880,7,111,'2019-10-10','2019-10-11'),(881,7,233,'2019-10-10','2019-10-12'),(882,132,452,'2019-10-10','2019-10-11'),(883,15,423,'2019-10-10','2019-10-11'),(884,77,326,'2019-10-10','2019-10-11'),(885,13,488,'2019-10-10','2019-10-11'),(886,8,329,'2019-10-11','2019-10-12'),(887,8,405,'2019-10-11','2019-10-12'),(888,8,338,'2019-10-11','2019-10-12'),(889,134,288,'2019-10-11','2019-10-13'),(890,134,228,'2019-10-11','2019-10-14'),(891,134,479,'2019-10-11','2019-10-15'),(892,135,386,'2019-10-11','2019-10-12'),(893,135,381,'2019-10-11','2019-10-12'),(894,9,487,'2019-10-11','2019-10-12'),(895,9,273,'2019-10-11','2019-10-12'),(896,41,325,'2019-10-11','2019-10-14'),(897,25,175,'2019-10-11','2019-10-13'),(898,25,27,'2019-10-11','2019-10-13'),(899,32,455,'2019-10-12','2019-10-13'),(900,136,427,'2019-10-12','2019-10-13'),(901,136,329,'2019-10-12','2019-10-13'),(902,123,174,'2019-10-12','2019-10-13'),(903,122,287,'2019-10-12','2019-10-14'),(904,111,237,'2019-10-13','2019-10-14'),(905,111,420,'2019-10-13','2019-10-14'),(906,99,26,'2019-10-13','2019-10-15'),(907,99,435,'2019-10-13','2019-10-15'),(908,99,59,'2019-10-13','2019-10-15'),(909,76,366,'2019-10-13','2019-10-14'),(910,76,175,'2019-10-13','2019-10-14'),(911,65,388,'2019-10-13','2019-10-14'),(912,32,227,'2019-10-13','2019-10-15'),(913,17,450,'2019-10-13','2019-10-14'),(914,17,387,'2019-10-13','2019-10-14'),(915,17,322,'2019-10-13','2019-10-15'),(916,17,174,'2019-10-13','2019-10-15'),(917,17,261,'2019-10-13','2019-10-16'),(918,72,332,'2019-10-13','2019-10-15'),(919,85,329,'2019-10-13','2019-10-14'),(920,85,280,'2019-10-13','2019-10-14'),(921,73,101,'2019-10-13','2019-10-14'),(922,22,244,'2019-10-14','2019-10-15'),(923,137,500,'2019-10-14','2019-10-15'),(924,137,376,'2019-10-14','2019-10-15'),(925,38,407,'2019-10-14','2019-10-16'),(926,71,288,'2019-10-14','2019-10-15'),(927,66,167,'2019-10-14','2019-10-15'),(928,66,318,'2019-10-14','2019-10-15'),(929,53,449,'2019-10-14','2019-10-16'),(930,41,185,'2019-10-14','2019-10-15'),(931,41,229,'2019-10-14','2019-10-15'),(932,111,111,'2019-10-14','2019-10-16'),(933,138,113,'2019-10-14','2019-10-15'),(934,138,481,'2019-10-15','2019-10-16'),(935,138,87,'2019-10-15','2019-10-16'),(936,100,63,'2019-10-15','2019-10-16'),(937,100,127,'2019-10-15','2019-10-16'),(938,72,339,'2019-10-15','2019-10-16'),(939,88,285,'2019-10-15','2019-10-16'),(940,88,379,'2019-10-15','2019-10-16'),(941,139,464,'2019-10-15','2019-10-17'),(942,139,5,'2019-10-15','2019-10-17'),(943,27,277,'2019-10-15','2019-10-18'),(944,54,129,'2019-10-15','2019-10-16'),(945,62,301,'2019-10-16','2019-10-17'),(946,62,199,'2019-10-16','2019-10-17'),(947,74,328,'2019-10-16','2019-10-18'),(948,74,211,'2019-10-16','2019-10-18'),(949,74,189,'2019-10-16','2019-10-18'),(950,38,466,'2019-10-16','2019-10-17'),(951,111,142,'2019-10-16','2019-10-17'),(952,58,375,'2019-10-17','2019-10-18'),(953,58,271,'2019-10-17','2019-10-18'),(954,56,188,'2019-10-17','2019-10-18'),(955,84,29,'2019-10-17','2019-10-19'),(956,84,190,'2019-10-17','2019-10-19'),(957,84,382,'2019-10-17','2019-10-19'),(958,52,120,'2019-10-17','2019-10-18'),(959,91,338,'2019-10-17','2019-10-18'),(960,44,447,'2019-10-17','2019-10-18'),(961,49,114,'2019-10-17','2019-10-18'),(962,83,445,'2019-10-17','2019-10-19'),(963,87,177,'2019-10-18','2019-10-19'),(964,87,421,'2019-10-18','2019-10-19'),(965,27,456,'2019-10-18','2019-10-19'),(966,140,288,'2019-10-18','2019-10-19'),(967,141,342,'2019-10-18','2019-10-20'),(968,141,28,'2019-10-18','2019-10-20'),(969,141,3,'2019-10-18','2019-10-20'),(970,82,337,'2019-10-18','2019-10-20'),(971,82,296,'2019-10-18','2019-10-20'),(972,42,133,'2019-10-18','2019-10-19'),(973,67,100,'2019-10-18','2019-10-20'),(974,67,291,'2019-10-18','2019-10-20'),(975,95,322,'2019-10-18','2019-10-20'),(976,94,455,'2019-10-18','2019-10-20'),(977,101,368,'2019-10-19','2019-10-20'),(978,101,27,'2019-10-19','2019-10-20'),(979,47,188,'2019-10-19','2019-10-21'),(980,47,262,'2019-10-19','2019-10-21'),(981,47,193,'2019-10-19','2019-10-21'),(982,102,277,'2019-10-19','2019-10-20'),(983,102,433,'2019-10-19','2019-10-20'),(984,142,287,'2019-10-20','2019-10-21'),(985,142,103,'2019-10-20','2019-10-21'),(986,142,328,'2019-10-20','2019-10-22'),(987,142,422,'2019-10-20','2019-10-22'),(988,82,222,'2019-10-20','2019-10-22'),(989,104,127,'2019-10-20','2019-10-21'),(990,104,25,'2019-10-20','2019-10-21'),(991,143,10,'2019-10-20','2019-10-22'),(992,143,7,'2019-10-20','2019-10-22'),(993,143,74,'2019-10-20','2019-10-22'),(994,144,429,'2019-10-20','2019-10-21'),(995,145,155,'2019-10-20','2019-10-21'),(996,145,349,'2019-10-20','2019-10-21'),(997,43,187,'2019-10-20','2019-10-22'),(998,43,272,'2019-10-20','2019-10-22'),(999,98,85,'2019-10-20','2019-10-21'),(1000,98,104,'2019-10-20','2019-10-21'),(1001,98,331,'2019-10-20','2019-10-22'),(1002,98,453,'2019-10-20','2019-10-22'),(1003,90,221,'2019-10-20','2019-10-22'),(1004,92,199,'2019-10-21','2019-10-23'),(1005,92,318,'2019-10-21','2019-10-23'),(1006,105,400,'2019-10-21','2019-10-22'),(1007,5,332,'2019-10-21','2019-10-22'),(1008,5,437,'2019-10-21','2019-10-22'),(1009,5,285,'2019-10-21','2019-10-22'),(1010,106,393,'2019-10-21','2019-10-23'),(1011,106,452,'2019-10-21','2019-10-23'),(1012,6,225,'2019-10-21','2019-10-22'),(1013,24,145,'2019-10-21','2019-10-24'),(1014,24,432,'2019-10-21','2019-10-24'),(1015,10,348,'2019-10-21','2019-10-23'),(1016,112,226,'2019-10-21','2019-10-22'),(1017,3,324,'2019-10-21','2019-10-22'),(1018,18,109,'2019-10-22','2019-10-23'),(1019,18,378,'2019-10-22','2019-10-23'),(1020,120,322,'2019-10-22','2019-10-24'),(1021,120,227,'2019-10-22','2019-10-24'),(1022,120,477,'2019-10-22','2019-10-24'),(1023,107,351,'2019-10-22','2019-10-24'),(1024,146,117,'2019-10-22','2019-10-23'),(1025,146,407,'2019-10-22','2019-10-23'),(1026,97,366,'2019-10-22','2019-10-23'),(1027,97,105,'2019-10-22','2019-10-23'),(1028,97,29,'2019-10-22','2019-10-23'),(1029,66,109,'2019-10-22','2019-10-24'),(1030,92,488,'2019-10-23','2019-10-25'),(1031,110,275,'2019-10-23','2019-10-25'),(1032,110,337,'2019-10-23','2019-10-25'),(1033,106,435,'2019-10-23','2019-10-25'),(1034,89,118,'2019-10-23','2019-10-24'),(1035,111,466,'2019-10-23','2019-10-24'),(1036,17,271,'2019-10-23','2019-10-25'),(1037,86,310,'2019-10-24','2019-10-25'),(1038,86,471,'2019-10-24','2019-10-25'),(1039,15,291,'2019-10-24','2019-10-26'),(1040,15,325,'2019-10-24','2019-10-26'),(1041,15,423,'2019-10-24','2019-10-26'),(1042,15,76,'2019-10-24','2019-10-26'),(1043,64,189,'2019-10-24','2019-10-25'),(1044,63,405,'2019-10-24','2019-10-26'),(1045,70,332,'2019-10-24','2019-10-26'),(1046,70,102,'2019-10-24','2019-10-26'),(1047,9,299,'2019-10-24','2019-10-25'),(1048,30,42,'2019-10-24','2019-10-26'),(1049,30,103,'2019-10-24','2019-10-26'),(1050,31,224,'2019-10-24','2019-10-25'),(1051,20,300,'2019-10-24','2019-10-25'),(1052,21,235,'2019-10-24','2019-10-25'),(1053,81,181,'2019-10-25','2019-10-26'),(1054,81,228,'2019-10-25','2019-10-26'),(1055,80,331,'2019-10-25','2019-10-26'),(1056,93,422,'2019-10-25','2019-10-27'),(1057,93,491,'2019-10-25','2019-10-27'),(1058,93,444,'2019-10-25','2019-10-27'),(1059,93,419,'2019-10-25','2019-10-27'),(1060,106,221,'2019-10-25','2019-10-26'),(1061,96,410,'2019-10-25','2019-10-26'),(1062,96,107,'2019-10-25','2019-10-26'),(1063,103,209,'2019-10-25','2019-10-26'),(1064,108,342,'2019-10-26','2019-10-28'),(1065,108,462,'2019-10-26','2019-10-28'),(1066,4,441,'2019-10-26','2019-10-27'),(1067,1,227,'2019-10-26','2019-10-28'),(1068,1,381,'2019-10-26','2019-10-28'),(1069,119,200,'2019-10-26','2019-10-27'),(1070,119,193,'2019-10-26','2019-10-27'),(1071,118,225,'2019-10-27','2019-10-28'),(1072,118,192,'2019-10-27','2019-10-28'),(1073,118,477,'2019-10-27','2019-10-28'),(1074,147,308,'2019-10-27','2019-10-29'),(1075,147,19,'2019-10-27','2019-10-29'),(1076,39,26,'2019-10-27','2019-10-28'),(1077,39,10,'2019-10-27','2019-10-28'),(1078,40,306,'2019-10-27','2019-10-28'),(1079,40,473,'2019-10-27','2019-10-28'),(1080,40,433,'2019-10-27','2019-10-29'),(1081,148,128,'2019-10-27','2019-10-28'),(1082,148,374,'2019-10-27','2019-10-28'),(1083,130,18,'2019-10-27','2019-10-29'),(1084,125,55,'2019-10-27','2019-10-29'),(1085,125,261,'2019-10-27','2019-10-29'),(1086,121,329,'2019-10-27','2019-10-28'),(1087,132,119,'2019-10-28','2019-10-29'),(1088,132,338,'2019-10-28','2019-10-30'),(1089,75,103,'2019-10-28','2019-10-30'),(1090,75,446,'2019-10-28','2019-10-30'),(1091,75,402,'2019-10-28','2019-10-30'),(1092,68,132,'2019-10-28','2019-10-29'),(1093,69,417,'2019-10-28','2019-10-30'),(1094,69,188,'2019-10-28','2019-10-30'),(1095,60,113,'2019-10-28','2019-10-29'),(1096,59,405,'2019-10-28','2019-10-30'),(1097,59,53,'2019-10-28','2019-10-29'),(1098,57,111,'2019-10-29','2019-10-31'),(1099,57,238,'2019-10-29','2019-10-31'),(1100,51,401,'2019-10-29','2019-10-30'),(1101,149,437,'2019-10-29','2019-10-30'),(1102,149,127,'2019-10-29','2019-10-31'),(1103,50,334,'2019-10-29','2019-10-31'),(1104,50,299,'2019-10-29','2019-10-31'),(1105,48,308,'2019-10-29','2019-11-01'),(1106,48,277,'2019-10-29','2019-11-01'),(1107,46,403,'2019-10-29','2019-11-01'),(1108,45,442,'2019-10-29','2019-11-02'),(1109,45,129,'2019-10-29','2019-11-02'),(1110,45,11,'2019-10-29','2019-11-02'),(1111,45,54,'2019-10-29','2019-11-02'),(1112,37,331,'2019-10-29','2019-11-01'),(1113,37,488,'2019-10-29','2019-11-01'),(1114,117,432,'2019-10-30','2019-11-01'),(1115,117,39,'2019-10-30','2019-11-01'),(1116,116,55,'2019-10-30','2019-11-02'),(1117,116,72,'2019-10-30','2019-11-02'),(1118,116,81,'2019-10-30','2019-11-02'),(1119,115,99,'2019-10-30','2019-11-01'),(1120,114,107,'2019-10-30','2019-11-01'),(1121,114,448,'2019-10-30','2019-11-01'),(1122,129,110,'2019-10-31','2019-11-02'),(1123,129,456,'2019-10-31','2019-11-02'),(1124,113,112,'2019-10-31','2019-11-02'),(1125,113,439,'2019-10-31','2019-11-02'),(1126,128,227,'2019-10-31','2019-11-01'),(1127,128,328,'2019-10-31','2019-11-02'),(1128,57,319,'2019-10-31','2019-11-02'),(1129,57,436,'2019-10-31','2019-11-02'),(1130,109,222,'2019-10-31','2019-11-01'),(1131,140,199,'2019-10-31','2019-11-02'),(1132,140,376,'2019-10-31','2019-11-02'),(1133,139,327,'2019-10-31','2019-11-02'),(1134,150,441,'2019-11-01','2019-11-02'),(1135,150,197,'2019-11-01','2019-11-02'),(1136,151,221,'2019-11-01',NULL),(1137,151,427,'2019-11-01',NULL),(1138,151,312,'2019-11-01',NULL),(1139,2,344,'2019-11-01','2019-11-02'),(1140,2,117,'2019-11-01','2019-11-02'),(1141,11,335,'2019-11-01',NULL),(1142,12,277,'2019-11-01','2019-11-02'),(1143,12,433,'2019-11-01','2019-11-02'),(1144,22,344,'2019-11-01',NULL),(1145,7,288,'2019-11-01',NULL),(1146,131,400,'2019-11-02',NULL),(1147,131,24,'2019-11-02',NULL),(1148,133,122,'2019-11-02',NULL),(1149,32,45,'2019-11-02',NULL);

CREATE TABLE `darsteller` (
  `DNr` int(11) NOT NULL AUTO_INCREMENT,
  `VornameD` varchar(20) DEFAULT NULL,
  `NachnameD` varchar(20) DEFAULT NULL,
  PRIMARY KEY (`DNr`)
);

INSERT INTO `darsteller` VALUES (1,'Aidan','Quinn'),(2,'Akira','Kubo'),(3,'Alain','Delon'),(4,'Alan','Arkin'),(5,'Alan','Shearman'),(6,'Albert','Dekker'),(7,'Albert','Préjean'),(8,'Ali','MacGraw'),(9,'Amanda','Ooms'),(10,'Andrej','Baschkirow'),(11,'Anne','Archer'),(12,'Anne','Bancroft'),(13,'Anthony','Andrews'),(14,'Anthony','Edwards'),(15,'Anthony','Hopkins'),(16,'Anthony','Quayle'),(17,'Anthony','Quinn'),(18,'Arnold','Schwarzenegger'),(19,'Audie','Murphy'),(20,'Audrey','Hepburn'),(21,'Barbara','Eden'),(22,'Barbara','Streisand'),(24,'Beau','Bridges'),(25,'Bela','Lugosi'),(26,'Ben','Cross'),(27,'Ben','Masters'),(28,'Bernard','Giraudeau'),(29,'Bette','Davis'),(30,'Bill','Cosby'),(31,'Bill','Murray'),(32,'Bob','Hope'),(33,'Brian','Bloom'),(34,'Brian','Keith'),(35,'Brigitte','Nielsen'),(36,'Brooke','Shields'),(37,'Bud','Spencer'),(38,'Burt','Reynolds'),(39,'Butt','Lancaster'),(40,'Carmen','Maura'),(41,'Carol','Alt'),(42,'Caroline','Céllier'),(43,'Catherine','Alric'),(44,'Chad','Lowe'),(45,'Charles','Bronson'),(46,'Charles','Laughton'),(47,'Charles','Martin'),(48,'Charlotte J.','Helmkamp'),(49,'Charlton','Heston'),(50,'Cheech','Martin'),(51,'Ching','Yung-Cho'),(53,'Christopher','Lambert'),(54,'Christopher','Lee'),(55,'Clancy','Brown'),(56,'Clark','Gable'),(57,'Cliff','de Young'),(58,'Clint','Eastwood'),(59,'Clint','Walker'),(60,'Colin','Friels'),(61,'Cornel','Wilde'),(62,'Dale','Robertson'),(63,'Dan','Aykroyd'),(64,'Dan','Monahan'),(65,'Dana','Vavrova'),(66,'Daniel','Auteil'),(67,'Daniel','Travanti'),(68,'Danny','Aeillo'),(69,'Darvin','Joston'),(70,'David','Carradine'),(71,'David','Keith'),(72,'David','Niven'),(73,'Davor','Dujmovic'),(74,'Dawn','Addams'),(75,'Dean','Martin'),(76,'Dennis','Christopher'),(77,'Dennis','Dugan'),(78,'Dennis','Hopper'),(79,'Dennis','Quaid'),(80,'Dolph','Lundgren'),(81,'Don','Johnson'),(82,'Donal','McCann'),(83,'Donald','Sutherland'),(84,'Doris','Day'),(85,'Dorothy','McGuire'),(86,'Dudley','Moore'),(87,'Dustin','Hoffman'),(88,'Eddie','Albert'),(89,'Eddie','O\'Connell'),(90,'Edward','Asner'),(91,'Edward','Robinson'),(92,'Elliot','Gould'),(93,'Else','Heller'),(94,'Emily','Lloyd'),(95,'Eric','Roberts'),(96,'Eric','Stoltz'),(97,'Erich','von Stroheim'),(98,'Ernest','Borgnine'),(99,'Errol','Flynn'),(100,'Everett','McGill'),(101,'Farrah','Fawcett'),(102,'Faye','Dunaway'),(103,'Faye','Grant'),(104,'Fess','Parker'),(105,'Francesca','Annis'),(106,'Frank','Sinatra'),(107,'Fred','Ward'),(108,'Fritz','Kampers'),(109,'Gastone','Moschin'),(110,'Gene','Hackman'),(111,'Gene','Wilder'),(112,'George','Flower'),(113,'George','Gaynes'),(114,'George','Nader'),(115,'George','Segal'),(116,'Gérard','Depardieu'),(117,'Gerhard','Polt'),(118,'Gianni','Manera'),(119,'Gitta','Zeidler'),(120,'Graham','Chapman'),(121,'Grant','Kramer'),(122,'Greame','Blundell'),(123,'Gregg','Henry'),(124,'Gregory','Harrison'),(125,'Gregory','Peck'),(126,'Greta','Garbo'),(127,'Greta','Scacchi'),(128,'Griff','Rhys Jones'),(129,'Groucho','Marx'),(130,'Hardy','Krüger'),(131,'Hashinosuke','Nakamura'),(132,'Heinz','Erhardt'),(133,'Henry','Fonda'),(134,'Honnor','Blackman'),(135,'Horst','Caspar'),(136,'Hoyt','Axton'),(137,'Huo','Chao-sheng'),(138,'Hywel','Bennett'),(139,'Ian','McElhinney'),(140,'Ingrid','Bergman'),(141,'Iris','Berben'),(142,'Isa','Günther'),(143,'Isabelle','Adjani'),(144,'Isabelle','Huppert'),(145,'Jack','Lemmon'),(146,'Jack','MacGowran'),(147,'Jack','Palance'),(148,'Jackie','Chan'),(149,'Jaclyn','Smith'),(150,'James','Caan'),(151,'James','Cagney'),(152,'James','Coburn'),(153,'James','Earl Jones'),(154,'James','Franciscus'),(155,'James','Garner'),(156,'James','Steward'),(158,'Jami','Gertz'),(159,'Jamie','Lee Curtis'),(161,'Jane','Fonda'),(162,'Jane','Russell'),(163,'Jane','Seymour'),(164,'Jason','O\' Malley'),(165,'Jayne','Mansfield'),(166,'Jean','Gabin'),(167,'Jean','Simmons'),(168,'Jean-Louis','Trintignant'),(169,'Jean-Luc','Bideau'),(170,'Jean-Paul','Belmondo'),(171,'Jeff','Bridges'),(172,'Jeff','Goldblum'),(173,'Jeff','Hunter'),(174,'Jemma','Redgrave'),(175,'Jenny','Seagrove'),(176,'Jerry','Lewis'),(177,'Jesse','Dann'),(178,'Jessica','Lange'),(179,'Jill','Clayburgh'),(180,'Jock','Mahoney'),(181,'Joe','Lara'),(182,'Joe','Pesci'),(183,'Joe','Stöckel'),(184,'Johanna','Matz'),(185,'John','Cleese'),(186,'John','Hurt'),(187,'John','Savage'),(188,'John','Wayne'),(189,'John Scott','Clough'),(190,'Jonathan','Pryce'),(191,'Joseph','Bologna'),(192,'Joseph','Bottoms'),(193,'Joseph','Cotten'),(194,'Julia','Roberts'),(195,'Julian','Sands'),(196,'Julie','Andrews'),(197,'Karen','Black'),(198,'Kate','Capshaw'),(199,'Kate','Jackson'),(200,'Katharine','Hepburn'),(201,'Kati','Outinen'),(202,'Keith','Carradine'),(203,'Ken','Wahl'),(204,'Kenny','Rogers'),(205,'Kevin','Kline'),(206,'Kevin','Spacey'),(207,'Kim','Basinger'),(208,'Kirk','Douglas'),(209,'Klaus','Kinski'),(210,'Kris','Kristofferson'),(211,'Larry','Hagman'),(212,'Léa','Massari'),(213,'Lee','Horsley'),(214,'Lee','Marvin'),(215,'Leo','McKern'),(216,'Leon','Lissek'),(217,'Lesley Ann','Warren'),(218,'Leslie','Caron'),(219,'Leslie','Nielsen'),(220,'Lex','Barker'),(221,'Lindsay','Wagner'),(222,'Lino','Ventura'),(223,'Lisa','Hartman'),(224,'Liselotte','Pulver'),(225,'Lou','Diamond'),(226,'Louis','Gossett'),(227,'Marcello','Mastroianni'),(228,'Mare','Winningham'),(229,'Margaret','Lockwood'),(230,'Margot','Kidder'),(231,'Maria','Schell'),(232,'Marianne','Hold'),(233,'Marika','Kilius'),(234,'Marilu','Henner'),(235,'Marilyn','Monroe'),(236,'Mario','Adorf'),(237,'Marisa','Allasio'),(238,'Marlene','Dietrich'),(239,'Marlon','Brando'),(240,'Marsha','Mason'),(241,'Marshall','Thompson'),(242,'Martin','Benrath'),(243,'Martin','Landau'),(244,'Matt','Dillon'),(245,'Maurizio','Nichetti'),(246,'Max','von Sydow'),(247,'Mel','Ferrer'),(248,'Mel','Gibson'),(249,'Melina','Mercouri'),(250,'Melissa','Gilbert'),(251,'Meryl','Streep'),(252,'Michael','Biehn'),(253,'Michael','Caine'),(254,'Michael','Douglas'),(255,'Michael','Fox'),(256,'Michael','Keaton'),(257,'Michael','O\'Keefe'),(258,'Michael','Palin'),(259,'Michael','Pare'),(260,'Michael','Parks'),(261,'Michael Allan','Bloom'),(262,'Michel','Bouquet'),(263,'Michel','Piccoli'),(264,'Michelle','Pfeiffer'),(265,'Mickey','Rourke'),(266,'Mike','Farrell'),(267,'Muzzu','Muzzulini'),(268,'Nancy','Allen'),(269,'Nastassja','Kinski'),(270,'Natalie','Wood'),(271,'Nick','Mancuso'),(272,'Nick','Nolte'),(273,'Nicole','Kidman'),(274,'Nigel','Havers'),(275,'Oliver','Reed'),(276,'Omero','Antoniutti'),(277,'Pamela','Reed'),(278,'Pat','Boone'),(279,'Patrick','Bergin'),(280,'Patrick','Bruel'),(281,'Patty','Duke'),(282,'Paul','Newman'),(283,'Peter','Alexander'),(284,'Peter','Cushing'),(285,'Peter','Falk'),(286,'Peter','Fonda'),(287,'Peter','Lorre'),(288,'Peter','Maffay'),(289,'Peter','O\'Toole'),(290,'Peter','Sellers'),(291,'Peter','Strauss'),(292,'Peter','Ustinov'),(293,'Peter','von Stromberger'),(294,'Pierre','Arditi'),(295,'Pierre','Brice'),(296,'Pjotr','Mamonow'),(297,'Ralph','Macchio'),(298,'Raquel','Welch'),(299,'Ray','Barret'),(300,'Ray','Milland'),(301,'Ray','Sharkey'),(302,'Raymond','Loyer'),(303,'Reg','Varney'),(304,'Richard','Basehart'),(305,'Richard','Berry'),(306,'Richard','Bohringer'),(307,'Richard','Burton'),(308,'Richard','Dreyfuss'),(309,'Richard','Harris'),(310,'Richard','Harrison'),(311,'Richard','Widmark'),(312,'Robby','Benson'),(313,'Robert','Blake'),(314,'Robert','Conrad'),(315,'Robert','Davi'),(316,'Robert','Duvall'),(317,'Robert','Forster'),(318,'Robert','Ginty'),(319,'Robert','Mitchum'),(320,'Robert','Shaw'),(321,'Robert','Woods'),(322,'Robin','Renucci'),(323,'Rock','Hudson'),(324,'Rod','Steiger'),(325,'Roger','Browne'),(326,'Roger','Moore'),(327,'Roger','Wilson'),(328,'Romy','Schneider'),(329,'Ron','Slinker'),(330,'Ronny','Cox'),(331,'Roy','Scheider'),(332,'Rutger','Hauer'),(333,'Ryan','O\'Neal'),(334,'Sabine','Kaack'),(335,'Sally','Field'),(336,'Sally','Kellerman'),(337,'Sam','Neill'),(338,'Samuel','Hui'),(339,'Saul','Rubinek'),(340,'Scott','Glenn'),(341,'Sean','Bury'),(342,'Sean','Connery'),(343,'Sebastian','Rudolph'),(344,'Shawnee','Smith'),(345,'Sho','Kosugi'),(346,'Sidney','Poitier'),(347,'Sigourney','Weaver'),(348,'Silvia','Pinal'),(349,'Simone','Signoret'),(350,'Sonny','Bono'),(351,'Stella','Stevens'),(352,'Stephen','Berkoff'),(353,'Stephen','Boyd'),(354,'Steve','Guttenberg'),(355,'Steve','Martin'),(356,'Steward','Granger'),(357,'Susan','Hayward'),(358,'Sylvester','Stallone'),(359,'Talia','Shire'),(360,'Tanya','Roberts'),(361,'Ted','Wass'),(362,'Telly','Savalas'),(363,'Terence','Hill'),(364,'Terry','Camilleri'),(365,'Theo','Lingen'),(366,'Thorarinn','Thorarinsson'),(367,'Tim','Conway'),(368,'Tim','Dunigan'),(369,'Tim','Roth'),(370,'Tin','Sek'),(371,'Tom','Berenger'),(372,'Tom','Burlinson'),(373,'Tom','Courtenay'),(374,'Tom','Hanks'),(375,'Tom','Matheson'),(376,'Tom','Selleck'),(377,'Tony','Curtis'),(378,'Tony','Dean Fields'),(379,'Toshiro','Mifune'),(380,'Tyrone','Power'),(381,'Ugo','Tognazzi'),(382,'Valerie','Hobson'),(383,'Victor','Sjöström'),(384,'Viktor','de Kowa'),(385,'Vince','Edwards'),(386,'Walo','Lüönd'),(387,'Walter','Matthau'),(388,'Walter','Pidgeon'),(389,'Warren','Beatty'),(390,'Wayne','Rogers'),(391,'Will','Rogers'),(392,'William','Bell'),(393,'William','Hurt'),(394,'William','Powell'),(395,'William','Shatner'),(396,'Winnie','Markus'),(397,'Woody','Allen'),(398,'Yul','Brynner'),(399,'Yves','Montand'),(400,'Zarah','Leander'),(401,'Robert','Redford'),(402,'Brad','Pitt'),(403,'Georg','Clooney'),(404,'Tom','Cruise'),(407,'Tilda','Swinton'),(408,'Gillian','Anderson');

CREATE TABLE `film_darsteller` (
  `FNr` int(11) NOT NULL DEFAULT '0',
  `DNr` int(11) NOT NULL DEFAULT '0',
  PRIMARY KEY (`FNr`,`DNr`),
  KEY `FNr` (`FNr`),
  KEY `DNr` (`DNr`),
  CONSTRAINT `film_darsteller_ibfk_1` FOREIGN KEY (`FNr`) REFERENCES `film` (`Videonummer`),
  CONSTRAINT `film_darsteller_ibfk_2` FOREIGN KEY (`DNr`) REFERENCES `darsteller` (`DNr`)
);

INSERT INTO `film_darsteller` VALUES (1,342),(2,222),(3,176),(4,304),(5,39),(6,173),(7,79),(8,260),(9,28),(10,108),(11,66),(12,147),(13,87),(14,253),(15,349),(16,167),(17,147),(18,41),(19,218),(20,323),(21,178),(22,24),(23,4),(24,197),(25,272),(26,346),(27,132),(28,270),(29,233),(30,206),(31,134),(32,277),(33,121),(34,210),(35,76),(36,231),(37,109),(38,188),(39,115),(40,45),(41,54),(42,188),(43,398),(44,62),(45,49),(46,94),(47,249),(48,165),(49,375),(50,114),(51,164),(52,220),(53,395),(54,331),(55,176),(56,170),(57,373),(58,299),(59,95),(60,363),(61,110),(62,400),(63,262),(64,3),(65,29),(66,24),(67,248),(68,254),(69,359),(70,267),(71,394),(72,355),(73,273),(74,390),(75,43),(76,230),(77,353),(78,245),(79,55),(80,215),(81,127),(82,87),(82,404),(83,288),(84,3),(85,208),(86,22),(87,107),(88,350),(89,408),(90,92),(91,38),(92,191),(93,402),(94,326),(95,336),(96,179),(97,354),(98,347),(99,381),(100,46),(101,366),(102,246),(103,347),(104,322),(105,3),(106,156),(107,131),(109,333),(110,399),(111,86),(112,19),(113,387),(114,270),(115,70),(116,78),(117,203),(118,202),(119,303),(120,309),(121,305),(122,3),(123,362),(124,228),(125,27),(126,261),(127,308),(128,124),(129,48),(130,113),(131,81),(132,316),(133,300),(134,307),(135,18),(136,67),(137,235),(138,82),(139,258),(140,263),(141,208),(142,357),(143,312),(144,391),(145,72),(146,153),(147,265),(148,219),(149,370),(150,311),(151,334),(152,162),(153,389),(154,34),(155,102),(156,133),(157,158),(158,207),(159,44),(160,49),(161,36),(162,371),(163,280),(164,259),(165,326),(166,358),(167,168),(168,327),(169,347),(170,132),(171,205),(172,188),(173,377),(174,49),(175,286),(176,190),(177,265),(178,182),(179,53),(180,330),(181,342),(182,358),(183,70),(184,347),(185,377),(186,320),(187,338),(188,226),(189,18),(190,253),(191,404),(192,201),(193,185),(194,317),(195,77),(196,310),(197,340),(198,232),(199,329),(200,291),(201,239),(202,116),(203,129),(204,85),(205,263),(206,352),(207,12),(208,163),(209,123),(210,13),(211,209),(212,73),(213,311),(214,166),(215,32),(216,251),(217,140),(218,255),(219,344),(220,169),(221,358),(222,193),(223,30),(224,316),(225,374),(226,404),(227,361),(228,234),(229,177),(230,178),(231,104),(232,239),(233,235),(234,240),(235,106),(236,49),(237,59),(238,89),(239,217),(240,111),(241,282),(242,353),(243,112),(244,189),(245,183),(246,186),(247,110),(248,384),(249,86),(250,188),(251,71),(252,393),(253,372),(254,180),(255,6),(256,324),(257,69),(258,31),(259,3),(260,290),(261,331),(262,57),(263,41),(264,139),(265,145),(266,369),(267,385),(268,7),(269,290),(270,385),(271,194),(272,248),(273,290),(274,208),(275,10),(276,396),(277,130),(278,63),(279,290),(280,29),(281,319),(282,103),(283,345),(284,62),(285,368),(286,25),(287,213),(288,244),(289,187),(290,37),(291,64),(292,84),(293,252),(294,319),(295,401),(295,402),(296,150),(297,294),(298,17),(299,313),(300,97),(301,30),(302,318),(303,11),(304,50),(305,239),(306,17),(307,150),(308,346),(309,383),(310,258),(311,287),(312,335),(313,339),(314,161),(315,60),(316,181),(317,100),(318,16),(319,184),(320,221),(321,149),(322,129),(323,93),(324,91),(325,404),(326,117),(327,227),(328,250),(329,42),(330,211),(331,243),(332,146),(333,128),(334,83),(335,200),(336,119),(337,129),(338,257),(339,394),(340,126),(341,141),(342,122),(343,90),(344,98),(345,110),(346,5),(347,214),(348,155),(349,253),(350,356),(351,151),(352,14),(353,297),(354,279),(355,192),(356,315),(357,402),(357,403),(358,314),(359,367),(360,80),(361,204),(362,196),(363,326),(364,136),(365,200),(366,232),(368,292),(369,328),(370,264),(371,154),(372,148),(373,332),(374,118),(375,61),(376,358),(377,225),(378,404),(379,360),(380,8),(381,63),(382,198),(383,264),(384,152),(385,242),(386,214),(387,222),(388,175),(389,174),(390,276),(391,317),(392,342),(393,315),(394,54),(395,337),(396,241),(397,199),(398,138),(399,216),(400,65),(401,223),(402,247),(403,51),(404,407),(405,45),(406,49),(407,195),(408,171),(409,96),(410,224),(411,99),(412,29),(413,144),(414,302),(415,269),(416,380),(417,343),(418,47),(419,37),(420,275),(421,231),(422,20),(423,295),(424,105),(425,35),(426,78),(427,17),(428,9),(429,281),(430,268),(431,56),(432,120),(433,311),(434,337),(435,341),(436,151),(437,285),(438,388),(439,281),(440,266),(441,2),(442,251),(443,210),(444,38),(445,382),(446,156),(447,306),(448,379),(449,212),(450,284),(451,53),(452,349),(453,390),(454,101),(455,26),(456,328),(457,15),(458,40),(459,150),(460,282),(461,75),(462,58),(463,21),(464,271),(465,56),(466,166),(467,364),(468,135),(469,1),(470,386),(471,296),(472,238),(473,348),(474,125),(475,278),(476,321),(477,33),(478,272),(479,392),(481,376),(482,289),(483,298),(484,137),(485,87),(486,309),(487,293),(488,110),(489,256),(490,172),(491,301),(492,351),(493,325),(494,365),(495,274),(496,378),(497,229),(498,49),(499,142),(500,159);


CREATE TABLE `regisseur` (
  `RNr` int(11) NOT NULL AUTO_INCREMENT,
  `VornameR` varchar(20) DEFAULT NULL,
  `NachnameR` varchar(20) DEFAULT NULL,
  PRIMARY KEY (`RNr`)
);

INSERT INTO `regisseur` VALUES (1,'Agnieszka','Holland'),(2,'Aki','Kaurismäki'),(3,'Alain','Corneau'),(4,'Alan','Myerson'),(5,'Alan','Rudolph'),(6,'Alan J.','Pakula'),(7,'Alec','Mills'),(8,'Alexandre','Arcady'),(9,'Alfred','Hitchcock'),(10,'Alfred','Weidenmann'),(11,'Allan','Kroeker'),(12,'Andrew','Davis'),(13,'Andrew','Grieve'),(14,'Andrew','Marton'),(15,'Andrew','McLaglen'),(16,'Andrew','Stone'),(17,'Andrzej','Wajda'),(18,'Anthony','Lanza'),(19,'Anthony','M. Dawson'),(20,'Anthony','Mann'),(21,'Arthur','Hiller'),(22,'Augusto','Caminito'),(23,'Avi','Nesher'),(24,'Axel','von Ambesser'),(25,'Barry','Levinson'),(26,'Beat','Lottaz'),(27,'Bernado','Bertolucci'),(28,'Bernard','Rose'),(29,'Billy','Wilder'),(30,'Blake','Edwards'),(31,'Blake','Ewards'),(32,'Bob','Clark'),(33,'Bob','Rafelson'),(34,'Brain G.','Hutton'),(35,'Brian Thomas','Jones'),(36,'Bruce','Beresford'),(37,'Bruce','Patrow'),(38,'Bruno','Nuytten'),(39,'Budd','Boetticher'),(40,'Burt','Kennedy'),(41,'Burt','Reynolds'),(42,'Buzz','Kulik'),(43,'Camillo','Teti'),(44,'Carl','Schultz'),(45,'Carl-Gustaf','Nykvist'),(46,'Carroll','Ballard'),(47,'Catherine','Corsini'),(48,'Chang','Wan-Ting'),(49,'Charles','Haas'),(50,'Charles','Reisner'),(51,'Charles','Walters'),(52,'Charles Martin','Smith'),(53,'Christian','Duguay'),(54,'Christoph','Schaub'),(55,'Christopher','Miles'),(56,'Chuck','Russell'),(57,'Claude','Faraldo'),(58,'Claude','Pinoteau'),(59,'Claude','Zidi'),(60,'Cornel','Wilde'),(61,'Daniel','Mann'),(62,'Daniel','Petrie'),(63,'Daniel','Schmid'),(64,'Daniel','Taplitz'),(65,'David','Burton Morris'),(66,'David','Greene'),(67,'David','Hemmings'),(68,'David','Lowell Rich'),(69,'David','Lynch'),(70,'David','Seltzer'),(71,'David','Zucker'),(72,'Dean','Parisot'),(73,'Dennis','Hopper'),(74,'Desmond','Davis'),(75,'Dick','Clement'),(76,'Dick','Lowry'),(77,'Dimitri','Logothetis'),(78,'Dino','Rise'),(79,'Don','Siegel'),(80,'Don','Taylor'),(81,'Donald','Petrie'),(82,'Donald','Shebib'),(83,'Douglas','Sirk'),(84,'Duccio','Tessari'),(85,'E.W.','Swackhamer'),(86,'Eduard','von Borsody'),(87,'Edward','Buzzell'),(88,'Edward','Dmytryk'),(89,'Elia','Kazan'),(90,'Emir','Kusturica'),(91,'Enrico','Oldoini'),(92,'Eric','Laneuville'),(93,'Eric','Till'),(94,'Ernest','Schoedsack'),(95,'Ernst','Lubitsch'),(96,'Ernst','Marischka'),(97,'Etienne','Perier'),(98,'Ferdinand','Dörfler'),(99,'Fernando','di Leo'),(100,'Festa','Campanile'),(101,'Frank','McDonald'),(102,'Frank','Tashlin'),(103,'Frank D.','Gilroy'),(104,'Franz','Antel'),(105,'Franz','Oz'),(106,'Franz Josef','Gottlieb'),(107,'Fred','Mc Leod Wilcox'),(108,'Freddie','Francis'),(109,'Fridrik','Fridiksson'),(110,'Fritz','Lang'),(111,'Fritz','Umgelter'),(112,'Gary','Goddard'),(113,'Gene','Wilder'),(114,'George','Cukor'),(115,'George','Kaczender'),(116,'George','Marshall'),(117,'George','McCowan'),(118,'George','Miller'),(119,'George','Sherman'),(120,'George','Stevens'),(121,'George Roy','Hill'),(122,'Georges','Lucas'),(123,'Gérard','Lauzier'),(124,'Gérard','Oury'),(125,'Gérard','Pirès'),(126,'Geza','von Cziffra'),(127,'Gianfranco','Baldanelli'),(128,'Gianni','Manera'),(129,'Gideon','Amir'),(130,'Gilbert','Cates'),(131,'Gilles','Béhat'),(132,'Gilles','Grangier'),(133,'Glenn','Jordan'),(134,'Gordon','Hessler'),(135,'Gottfried','Reinhardt'),(136,'Guy','Hamilton'),(137,'Hal','Needham'),(138,'Hanns Christian','Müller'),(139,'Hans','Deppe'),(140,'Hans','Heinrich'),(141,'Hans','Quest'),(142,'Hans','Scheepmakers'),(143,'Harald','Reini'),(144,'Harley','Cokliss'),(145,'Harmon','Jones'),(146,'Harry','Booth'),(147,'Helmut','Käutner'),(148,'Henri','Verneuil'),(149,'Henry','Hathaway'),(150,'Herbert','Wilcox'),(151,'Howard','Hawks'),(152,'Howard','Zieff'),(153,'Ingmar','Bergman'),(154,'Inoshiro','Honda'),(155,'Irvin','Kershner'),(156,'Irving','Lerner'),(157,'Ivan','Passer'),(158,'Ivan','Reitman'),(159,'J.-Ch.','Tacchella'),(160,'Jack','Arnold'),(161,'Jack','Hofsiss'),(162,'Jackie','Chan'),(163,'Jacques','Santi'),(164,'Jag','Mundhra'),(165,'James','Cameron'),(166,'James','Dearden'),(167,'James','Foley jr.'),(168,'James','Glickenhaus'),(169,'James','Neilson'),(170,'Jan','Egleson'),(171,'Jan','Eliasberg'),(172,'Jean','Becker'),(173,'Jean','Chapot'),(174,'Jean','Renoir'),(175,'Jean-Pierre','Melville'),(176,'Jefferson','Richard'),(177,'Jerome','Hellman'),(178,'Jerrold','Freedman'),(179,'Jerry','Lewis'),(180,'Jerry','London'),(181,'Jerry','Paris'),(182,'Jesus Franco','Manera'),(183,'Jim','Kouf'),(184,'Joe','Comerford'),(185,'Joe','Dante'),(186,'Joe','May'),(187,'John','Berry'),(188,'John','Carpenter'),(189,'John','Erman'),(190,'John','Farrow'),(191,'John','Ford'),(192,'John','Frankenheimer'),(193,'John','Glen'),(194,'John','Guillermin'),(195,'John','Hough'),(196,'John','Irvin'),(197,'John','Lamond'),(198,'John','Landis'),(199,'John','Mackenzie'),(200,'John','Milius'),(201,'John','Ruane'),(202,'John','Schlesinger'),(203,'John','Sturges'),(204,'John','Waters'),(205,'John Bud','Cardos'),(206,'John G.','Avildsen'),(207,'Jon','Hess'),(208,'Jonathan','Demme'),(209,'Jonathan','Lynn'),(210,'Jorge','Montesi'),(211,'Joseph','Mankiewicz'),(212,'Joseph','Newman'),(213,'Joseph','Sargent'),(214,'Joseph','Vilsmaier'),(215,'Joseph L.','Mankiewicz'),(216,'Jules','Dassin'),(217,'Julien','Temple'),(218,'Karel','Reisz'),(219,'Karen','Arthur'),(220,'Karl','Anton'),(221,'Kathryn','Bigelow'),(222,'Kevin','Meyer'),(223,'Kevin','S. Tenney'),(224,'King','Vidor'),(225,'Kurt','Früh'),(226,'Lamont','Johnson'),(227,'Larry','Cohen'),(228,'Larry','Elikann'),(229,'Larry','Ludman'),(230,'Lau','Kar Leung'),(231,'Lawrence','Kasdan'),(232,'Lech','Majewski'),(233,'Lee','Thompson'),(234,'Lewis','Gilbert'),(235,'Lindsay','Anderson'),(236,'Lo','Mar'),(237,'Lou','Antonio'),(238,'Luchino','Visconti'),(239,'Luigi','Comencini'),(240,'Luis','Bunuel'),(241,'Luis','Valdez'),(242,'Malcolm','Mowbray'),(243,'Marc','Allégret'),(244,'Marcel','Camus'),(245,'Mark','Griffiths'),(246,'Mark','Herman'),(247,'Mark','Joffe'),(248,'Mark','Lester'),(249,'Mark','Rosner'),(250,'Mark','Rydell'),(251,'Marshall','Brickman'),(252,'Martin','Ritt'),(253,'Martin','Scorsese'),(254,'Marvin','Chomsky'),(255,'Maurice','Labro'),(256,'Maurizio','Nichetti'),(257,'Mel','Stuart'),(258,'Menahem','Golan'),(259,'Mervyn','LeRoy'),(260,'Michael','Apted'),(261,'Michael','Briant'),(262,'Michael','Cacoyannis'),(263,'Michael','Carreras'),(264,'Michael','Caton-Jones'),(265,'Michael','Crichton'),(266,'Michael','Curtiz'),(267,'Michael','Dinner'),(268,'Michael','Field'),(269,'Michael','Karbelnikoff'),(270,'Michael','Kennedy'),(271,'Michael','Mann'),(272,'Michael','Powell'),(273,'Michael','Pressman'),(274,'Michael','Radford'),(275,'Michael','Rhodes'),(276,'Michael','Ritchie'),(277,'Michael','Schultz'),(278,'Michael','Tuchner'),(279,'Michele','Lupo'),(280,'Mike','Hodges'),(281,'Mike','Nichols'),(282,'Mort','Ransen'),(283,'Moshe','Mizrahi'),(284,'Nico','Mastorakis'),(285,'Nicolas','Gessner'),(286,'Nicolas','Ray'),(287,'Oliver','Stone'),(288,'Oliver','Storz'),(289,'Orson','Welles'),(290,'Paolo','Cavara'),(291,'Paolo','Taviani'),(292,'Patrick','C. Poole'),(293,'Patrick','Dewolf'),(294,'Patrick','Schulman'),(295,'Patrick','Schulmann'),(296,'Paul','Bartel'),(297,'Paul','Golding'),(298,'Paul','Martin'),(299,'Paul','Schrader'),(300,'Pavel','Lungin'),(301,'Pedro','Almodovar'),(302,'Peter','Bogdanovich'),(303,'Peter','Dixon'),(304,'Peter','Hunt'),(305,'Peter','Hyams'),(306,'Peter','Lorre'),(307,'Peter','MacDonald'),(308,'Peter','Patzak'),(309,'Peter','Timm'),(310,'Peter','Weir'),(311,'Philip','Leacock'),(312,'Phillip','Noyce'),(313,'Pietro','Germi'),(314,'Radley','Metzger'),(315,'Rafael','Zielinski'),(316,'Ralph','Thomas'),(317,'Randal','Kleiser'),(318,'Raoul','Walsh'),(319,'René','Clair'),(320,'René','Clément'),(321,'Richard','Attenborough'),(322,'Richard','Brooks'),(323,'Richard','Donner'),(324,'Richard','Lester'),(325,'Richard','Rush'),(326,'Richard','Thorpe'),(327,'Ricky','Lau'),(328,'Ricou','Browning'),(329,'Rob','Steward'),(330,'Robert','Aldrich'),(331,'Robert','Altman'),(332,'Robert','Benton'),(333,'Robert','Bierman'),(334,'Robert','Chappell'),(335,'Robert','Clouse'),(336,'Robert','Collins'),(337,'Robert','Day'),(338,'Robert','Fuest'),(339,'Robert','Kaylor'),(340,'Robert','Knights'),(341,'Robert','Markowitz'),(342,'Robert','Siodmak'),(343,'Robert','Wise'),(344,'Robert','Young'),(345,'Robert M.','Young'),(346,'Robert Z.','Leonard'),(347,'Rodney','Gibbons'),(348,'Roger','Donaldson'),(349,'Roger','Spottiswoode'),(350,'Rolf','Hansen'),(351,'Roman','Polanski'),(352,'Romolo','Guerrieri'),(353,'Ron','Satlof'),(354,'Roy','Campynella'),(355,'Rudolf','Schündler'),(356,'Ruggero','Deodato'),(357,'Rupert','Hitzig'),(358,'Russell','Mulcahy'),(359,'Russell','Rouse'),(360,'Sam','Auster'),(361,'Sam','Peckinpah'),(362,'Sandor','Stern'),(363,'Sandy','Smolan'),(364,'Savage S.','Holland'),(365,'Serge','Leroy'),(366,'Sergio','Corbucci'),(367,'Sergio','Leone'),(368,'Sidney','Lumet'),(369,'Sidney','Poitier'),(370,'Sidney','Salkow'),(371,'Steve','Barnett'),(372,'Steven','Gethers'),(373,'Steven','Spielberg'),(374,'Steven Hilliard','Stern'),(375,'Stuart','Millar'),(376,'Sulambek','Mamilow'),(377,'Sydney','Pollack'),(378,'Sylvester','Stallone'),(379,'Ted','Kotcheff'),(380,'Ted','Mather'),(381,'Terence','Young'),(382,'Terry','Gilliam'),(383,'Terry','Jones'),(384,'Thaddeus','O\'Sullivan'),(385,'Thomas','Chong'),(386,'Tim','Burton'),(387,'Tobe','Hooper'),(388,'Tod','Browning'),(389,'Tristram','Powell'),(390,'Veit','Relin'),(391,'Vernon','Zimmerman'),(392,'Victor','Tourjansky'),(393,'Vincent','McEveety'),(394,'Vincente','Minnelli'),(395,'Virginia Lively','Stone'),(396,'Walter','Grauman'),(397,'Walter','Hill'),(398,'Waris','Hussein'),(399,'Werner','Jacobs'),(400,'William','Conrad'),(401,'William','Dieterle'),(402,'William','Friedkin'),(403,'William A.','Graham'),(404,'Wolfgang','Petersen'),(405,'Wolfgang','Schleif'),(406,'Woody','Allen'),(407,'Yoji','Yamada'),(408,'Yves','Boisset'),(409,'Yves','Ciampi'),(410,'Tony','Scott'),(411,'Steven','Soderbergh'),(412,'David','Fincher'),(413,'Stanley','Kubrick'),(414,'John','Woo'),(415,'Ridley','Scott'),(416,'Jean-Pierre','Jeunet'),(417,'Scott','McGehee'),(418,'David','Siegel'),(419,'Kim','Manners');

CREATE TABLE `film_regisseur` (
  `FNr` int(11) NOT NULL DEFAULT '0',
  `RNr` int(11) NOT NULL DEFAULT '0',
  PRIMARY KEY (`FNr`,`RNr`),
  KEY `FNr` (`FNr`),
  KEY `RNr` (`RNr`),
  CONSTRAINT `film_regisseur_ibfk_1` FOREIGN KEY (`FNr`) REFERENCES `film` (`Videonummer`),
  CONSTRAINT `film_regisseur_ibfk_2` FOREIGN KEY (`RNr`) REFERENCES `regisseur` (`RNr`)
);

INSERT INTO `film_regisseur` VALUES (1,321),(2,255),(3,102),(4,263),(5,330),(6,400),(7,185),(8,292),(9,63),(10,86),(11,59),(12,323),(13,377),(14,170),(15,320),(16,343),(17,117),(18,91),(19,51),(20,83),(21,218),(22,311),(23,325),(24,387),(25,253),(26,349),(27,399),(28,89),(29,104),(30,219),(31,314),(32,363),(33,245),(34,5),(35,391),(36,147),(37,99),(38,157),(39,157),(40,233),(41,182),(42,15),(43,335),(44,145),(45,226),(46,28),(47,216),(48,102),(49,37),(50,111),(51,357),(52,106),(53,205),(54,373),(55,179),(56,8),(57,262),(58,36),(59,227),(60,366),(61,12),(62,392),(63,3),(64,238),(65,215),(66,202),(67,250),(68,287),(69,192),(70,26),(71,401),(72,21),(73,312),(74,103),(75,365),(76,354),(77,359),(78,256),(79,341),(80,44),(81,274),(82,25),(83,308),(84,173),(85,224),(86,302),(87,268),(88,204),(89,419),(90,305),(91,41),(92,207),(93,412),(94,193),(95,52),(96,161),(97,181),(98,260),(99,239),(100,401),(101,109),(102,153),(103,412),(104,159),(105,320),(106,326),(107,407),(109,302),(110,409),(111,251),(112,101),(113,276),(114,21),(115,381),(116,73),(117,168),(118,5),(119,146),(120,324),(121,131),(122,175),(123,34),(124,213),(125,403),(126,360),(127,105),(128,178),(129,35),(130,4),(131,192),(132,122),(133,190),(134,15),(135,165),(136,304),(137,29),(138,384),(139,242),(140,57),(141,135),(142,61),(143,222),(144,191),(145,30),(146,228),(147,348),(148,71),(149,327),(150,68),(151,106),(152,286),(153,25),(154,226),(155,320),(156,191),(157,65),(158,332),(159,339),(160,20),(161,317),(162,404),(163,294),(164,249),(165,136),(166,379),(167,125),(168,229),(169,416),(170,399),(171,231),(172,191),(173,336),(174,194),(175,195),(176,382),(177,280),(178,209),(179,358),(180,261),(181,234),(182,307),(183,129),(184,165),(185,116),(186,136),(187,230),(188,189),(189,158),(190,234),(191,413),(192,2),(193,382),(194,223),(195,76),(196,19),(197,304),(198,141),(199,328),(200,267),(201,89),(202,123),(203,87),(204,342),(205,57),(206,232),(207,191),(208,85),(209,257),(210,13),(211,22),(212,90),(213,88),(214,148),(215,160),(216,281),(217,9),(218,264),(219,56),(220,295),(221,378),(222,39),(223,369),(224,331),(225,70),(226,410),(227,30),(228,74),(229,43),(230,194),(231,119),(232,211),(233,151),(234,177),(235,40),(236,353),(237,187),(238,217),(239,333),(240,113),(241,121),(242,359),(243,176),(244,369),(245,98),(246,293),(247,322),(248,220),(249,246),(250,191),(251,397),(252,260),(253,11),(254,49),(255,94),(256,347),(257,188),(258,158),(259,175),(260,31),(261,332),(262,297),(263,352),(264,184),(265,29),(266,331),(267,156),(268,319),(269,30),(270,156),(271,81),(272,118),(273,30),(274,203),(275,376),(276,405),(277,44),(278,152),(279,30),(280,235),(281,254),(282,210),(283,134),(284,370),(285,67),(286,388),(287,303),(288,166),(289,270),(290,366),(291,32),(292,16),(293,23),(294,115),(295,410),(296,250),(297,124),(298,290),(299,322),(300,174),(301,180),(302,134),(303,133),(304,385),(305,27),(306,269),(307,152),(308,252),(309,153),(310,389),(311,306),(312,252),(313,282),(314,368),(315,247),(316,277),(317,142),(318,272),(319,350),(320,398),(321,237),(322,50),(323,186),(324,289),(325,414),(326,138),(327,313),(328,362),(329,47),(330,92),(331,395),(332,351),(333,278),(334,331),(335,120),(336,140),(337,87),(338,170),(339,394),(340,114),(341,288),(342,197),(343,374),(344,338),(345,32),(346,75),(347,80),(348,21),(349,199),(350,14),(351,29),(352,364),(353,206),(354,196),(355,284),(356,164),(357,411),(358,372),(359,393),(360,112),(361,62),(362,30),(363,193),(364,183),(365,151),(366,355),(368,93),(369,10),(370,208),(371,356),(372,162),(373,171),(374,128),(375,60),(376,258),(377,241),(378,415),(379,164),(380,368),(381,276),(382,42),(383,198),(384,361),(385,139),(386,330),(387,58),(388,402),(389,144),(390,291),(391,248),(392,155),(393,315),(394,108),(395,201),(396,14),(397,53),(398,316),(399,7),(400,214),(401,337),(402,55),(403,48),(404,417),(404,418),(405,79),(406,66),(407,285),(408,33),(409,302),(410,24),(411,266),(412,266),(413,17),(414,244),(415,299),(416,212),(417,309),(418,46),(419,100),(420,134),(421,390),(422,30),(423,143),(424,69),(425,371),(426,18),(427,233),(428,45),(429,362),(430,296),(431,346),(432,383),(433,375),(434,344),(435,234),(436,259),(437,396),(438,107),(439,130),(440,273),(441,154),(442,6),(443,361),(444,276),(445,243),(446,20),(447,163),(448,192),(449,97),(450,108),(451,1),(452,283),(453,76),(454,345),(455,64),(456,96),(457,340),(458,301),(459,271),(460,121),(461,394),(462,367),(463,275),(464,408),(465,318),(466,132),(467,310),(468,147),(469,167),(470,225),(471,300),(472,95),(473,240),(474,149),(475,62),(476,127),(477,137),(478,200),(479,334),(481,265),(482,322),(483,169),(484,236),(485,332),(486,155),(487,54),(488,260),(489,386),(490,72),(491,76),(492,403),(493,279),(494,98),(495,329),(496,380),(497,150),(498,82),(499,104),(500,221);

SELECT * FROM Kunde;

SHOW CREATE DATABASE Video2019;
SHOW CREATE TABLE Kunde;
SHOW VARIABLES WHERE Variable_name LIKE 'charac%' OR Variable_name LIKE 'collation%';
SELECT * FROM kunde WHERE Ort="Zürich";






